,Temperature,Turbidity,Dissolved Oxygen,PH,Ammonia,Nitrate,Weight_diff
0,26.003506519162386,26.740418806795734,16.630299881469774,8.319060181746345,0.3999679328328724,319.83208218095615,0.0003064852959304623
1,25.380113636363635,32.65984848484848,12.11746893939394,8.39111815909091,0.49023171818181815,310.6257575757576,0.0005876623386363633
2,25.380462398373982,32.78353658536585,13.7014918699187,8.42362805894309,0.4796579451219512,305.3180894308943,0.0007883275264227646
3,24.549640191897655,20.249466950959487,9.743043176972282,8.452607462686567,0.5014370826226012,303.0954157782516,0.00041349375586353964
4,24.37354383813611,14.446965052115267,10.59094236664623,8.491006358062538,0.4847150423053342,312.37093807480073,0.0009512131030042912
5,25.173202614379086,17.33986928104575,19.39059477124183,8.067180980392157,0.5146856078431372,317.8496732026144,0.002535014016339868
6,25.391203703703702,31.962962962962962,7.402481481481481,7.913122222222222,0.0010903703703703705,339.48148148148147,0.02873015851851848
7,24.67431640625,26.74609375,3.269509765625,7.89725365234375,0.001193203125,317.578125,0.001515066972656253
8,24.281376518218625,24.477732793522268,4.3927935222672065,7.64124093117409,0.4008003765182186,294.0080971659919,0.0058993638056680136
9,24.716280653950953,23.618528610354222,6.325550408719345,7.608004414168938,0.5217756839237058,250.58038147138964,0.00494355782016349
10,24.709984756097562,33.78048780487805,0.14947560975609755,7.605909756097562,0.5240682926829268,285.7621951219512,0.01106271774390244
11,23.899305555555557,21.77777777777778,0.24757407407407406,7.595356481481481,0.5091911666666666,272.8333333333333,0.03359788370370372
12,24.313704238921,35.79190751445087,3.687724470134875,7.591299055876687,0.48857168208092483,269.8631984585742,0.0034957335452793837
13,25.296021377672208,51.142517814726844,3.3285712589073637,7.5069307957244655,0.004243942992874109,284.58669833729215,0.002154733622327791
14,24.677361016176807,33.575301891091364,3.5829861016176805,7.493344101161996,0.0011112668033720664,274.9419002050581,0.00041337109136477577
15,24.329216654904727,33.438602681721946,4.162798165137615,7.500695744530699,0.00111136203246295,280.5169371912491,0.0006401855010585744
16,24.28906031834683,34.530298799218095,5.0884068695895,7.496640019547613,0.00111145490086568,294.8709857581681,0.0005066422005026532
17,24.564572116746955,33.37857750070842,3.8193397563049025,7.487510773590253,0.0011112099744970247,298.36072541796545,0.0005141075970529895
18,25.365199228791774,32.67917737789203,4.257899228791773,7.4798926683804625,0.0011115578406169667,315.64678663239073,0.0009327947146529567
19,24.707872418879056,32.147492625368734,3.159340707964602,7.475634781710915,0.0011113333333333333,333.4300884955752,0.0005351875250737463
20,24.68363106610623,32.272831486434846,2.7576690867405427,7.658905796713794,0.0011111157814291174,367.1230416507451,0.000578634203286204
21,24.894819321533923,28.81268436578171,2.151520648967552,7.859214454277287,0.0011118731563421829,357.216814159292,0.0022334597640118045
22,24.79964442013129,26.894420131291028,1.8718375273522976,7.83664170678337,0.0011111050328227571,356.27899343544857,0.0008283838676148812
23,24.94205216535433,28.984251968503937,1.6614291338582676,7.859482736220472,0.0011116387795275591,361.066437007874,0.0007452193503936956
24,25.883064516129032,37.69639468690702,2.1698880455407967,5.579786508538899,0.0011117836812144213,1305.1669829222012,0.012252643074003757
25,24.98175578034682,56.26974951830443,2.2760655105973027,3.850120192678227,0.0011114354527938344,1401.873795761079,0.008175061946050109
26,24.956850739371536,4.296672828096118,1.718344731977819,-0.710359168207024,0.0011113955637707949,1622.1349353049907,0.007842619500924226
27,24.975567721005678,-50.752635847526356,5.146455393349553,-2.974494898621249,0.0011112206001622062,1649.0,0.003441084468775338
28,24.54431818181818,-51.0,11.920581818181818,-3.1353865909090906,0.001113318181818182,1582.4136363636364,0.038571428181818135
29,24.50204248366013,-51.0,7.127091503267973,-3.13745,0.0011101960784313727,1582.797385620915,0.05546218496732015
30,23.821164199192463,-51.0,8.544347240915208,-3.13745,0.0011118169582772545,1604.7981157469717,0.011420880619111725
31,25.221158056042032,-51.0,39.484279334500876,-3.13745,0.0011112521891418563,1133.3721541155867,0.0014886164623467502
32,25.041169241573034,-50.78089887640449,22.50287359550562,-2.6192024578651685,0.0011113717228464419,941.059925093633,0.0007958801498127287
33,25.34705357142857,-51.0,22.184845714285714,-2.178122439285714,0.0011112107142857144,906.8446428571428,0.0006071428571428531
34,25.42358281399808,-51.0,16.110046021092998,-2.016878533077661,0.0011113902205177374,963.3470757430489,0.00040747842761266676
35,25.086669613538774,-50.99924223288709,12.665791108865875,-1.854840793129578,0.0011112604192978026,970.9174033846931,0.00042940136398080035
36,25.717897022332505,-49.740694789081886,15.50521546732837,-2.578841993382961,0.26553055252274604,1085.2009925558314,0.0007030603804797307
37,25.34314432989691,-48.32123711340206,14.826647835051546,-2.6236851999999997,0.4966705381443299,1100.92,0.0007010309278350468
38,24.64432379580074,-48.22272540139975,16.470805269658296,-2.6250974433923426,0.5042534289831206,976.9575957184027,0.0006998764923836923
39,25.530085959885387,-49.429799426934096,18.473126074498566,-2.319005988538682,0.5035549283667622,814.1146131805158,0.004871060171919902
40,24.83022211720227,31.634530560806553,15.153820100819155,7.302892826086956,5.478445415879016,118.27189666036547,0.00019218651543793317
41,25.51245358910891,21.279393564356436,14.194486386138614,7.289150782797029,8.429881067450495,110.8066212871287,0.0001887376237623762
42,24.866019214703424,15.945697577276524,7.53124895572264,7.2921918128654974,9.81080978279031,103.98579782790308,0.0005096073517126151
43,24.272076860179887,41.140637775960755,7.868545380212592,7.303995306623059,141.36249694194603,97.26573998364677,0.0004987735077677836
44,23.84734762979684,36.93190368698269,4.839228367193378,7.32916659518435,30.978411079759216,106.87020316027088,0.00022949586155003774
45,24.499745417515275,90.93211133740665,7.24534894772573,7.29835460964019,25.590772396469788,109.05770536320435,0.001242362525458248
46,24.213485421166308,96.71058315334773,10.192128509719222,7.297647051835853,22.71320362850972,107.15010799136068,0.000658747300215984
47,23.837701612903224,99.56400409626217,6.445153353814645,7.297396820276498,72.13092143369175,98.76830517153098,0.00015616999487967216
48,23.879441624365484,98.82868020304568,8.260082910321488,7.298557153130289,74.62341607021996,107.31641285956007,0.00025803722504230095
49,24.370009918175057,97.41309199107364,7.109380609967766,7.934573937515497,26.40303507314654,199.783287875031,0.00015125216960079374
50,24.554664179104478,95.28009950248756,7.303557960199005,7.240642432835822,15.884660024875622,118.89875621890548,0.00014179104477611904
51,23.35307437407953,88.64270986745214,9.07082179675994,6.597147917525772,40.50510932253314,101.21531664212077,0.0007540500736377021
52,23.752232142857142,23.857142857142858,10.932964285714286,7.312236785714285,26.213585,117.60714285714286,0.045714285714285756
53,24.472568710359408,26.629598308668076,14.594259196617337,7.300309868921776,21.445858947145876,124.64862579281184,0.0005412262156448208
54,24.582576162479956,14.015499732763228,15.563773917691075,7.306132009620524,18.124196739711383,129.78193479422768,0.0006841261357562788
55,24.12415958952583,27.589171974522294,12.507301840056618,7.3083016383581025,24.559736939136588,126.87331917905166,0.000452937013446568
56,23.828420535494963,34.72316384180791,8.555214443625644,7.311437234094817,23.889003154016212,128.5485138786539,0.00031441906165561315
57,24.149630177514794,53.92662721893491,7.68459526627219,7.311991295857988,35.5321529852071,127.63076923076923,0.0003786982248520703
58,23.64995956146657,68.10352264557872,11.304083752695902,7.315689514737599,71.3243518116463,122.76527677929548,0.00046010064701653525
59,23.509275693035836,80.71298174442191,11.849956727518594,7.315622674104125,42.78983392494929,140.9577417173766,0.00043272481406355685
60,24.28641034727144,79.13359319631466,9.600890857547839,7.311217136782424,18.682145967399006,143.13501063075833,0.000453579021970233
61,23.928504631278944,81.14143213395084,10.45045457784111,7.312488564303527,19.401922725329534,139.54862842892769,0.00045600285001781303
62,23.201464577656676,71.18437783832879,14.391962761126248,7.674313651226159,51.88767902815622,149.3115349682107,0.0011444141689373312
63,23.442945463478544,73.98264002620374,11.894122830003274,7.356899891909597,82.62002157877497,143.83786439567638,0.0002915165411071068
64,23.886394694533763,77.13376205787782,15.493973633440515,7.323182729903538,321.7337458199357,134.85594855305467,0.00028617363344051464
65,23.764327024185068,85.76866456361725,12.685023659305994,7.325794300736067,312.4969883701367,147.43743427970557,0.0004679284963196657
66,24.45021186440678,99.79661016949153,4.928559322033899,7.311784576271187,396466085.38493323,173.3050847457627,0.015084745762711753
67,23.90231411229135,71.14567526555388,6.323411229135052,7.316726236722307,2597714414.8575273,370.43854324734446,0.0013505311077389994
68,23.56234335839599,94.60401002506266,5.704291979949875,7.326228922305765,8285347313.98174,390.89724310776944,0.0011152882205513791
69,23.549143923789906,86.77188465499485,5.819979402677652,7.317153604531411,4848605170.947103,401.7255406797116,0.00045829042224510843
70,23.477171577655003,85.87292817679558,5.697958256599141,7.201298572744015,5576446969.95549,447.47974217311236,0.0002731737262124004
71,23.600011410314924,93.91168416248289,5.4822941579187585,7.102959153354633,752650675.0352031,465.55043359196713,0.00020310360565951632
72,23.412956776656667,92.57294791382601,4.770089173711481,7.113266943005181,752776.8280315135,449.3708753749659,0.00024270520861739857
73,23.335589285714285,88.53314285714286,5.552066857142857,7.2380733542857145,688192.3822200743,471.74657142857143,0.00025428571428571443
74,23.5646251393534,91.78372352285396,5.004882943143813,7.193753414158305,570464251.5849749,488.0602006688963,0.00024804905239687863
75,23.804433805162365,99.57979461559812,5.204987510407993,7.363153474882043,37117.258546516794,567.8476269775188,0.00023036358590063788
76,23.775641025641026,100.0,5.1535493212669685,7.418394521870287,9406.87927038009,614.5547511312217,0.00026847662141779805
77,23.80640186915888,99.97345794392524,14.192035140186917,7.320798347663551,5123.096889801869,660.036261682243,0.00019439252336448716
78,23.981882668711656,99.96779141104294,16.522420245398774,7.219520153374233,4758.823453680981,540.111963190184,0.0007975460122699326
79,23.84355849582173,99.98718662952646,4.006751532033426,7.325422116991644,4390.010599743732,486.7214484679666,0.000289693593314765
80,23.84561741363212,99.99906629318394,7.818676937441643,7.347160438842203,441316.53539097105,458.2511671335201,0.00024276377217553503
81,24.292357142857142,100.0,3.8563102857142857,7.233312708571429,555.5987023485714,548.1988571428572,0.00029714285714285894
82,23.936475409836067,100.0,4.520023742227247,7.31918224137931,234.30448265969474,619.2292255511588,0.00014697569248162693
83,23.458333333333332,100.0,5.561666666666667,7.412266666666667,144.33612333333335,595.3333333333334,0.17333333333333437
84,23.78832993593477,100.0,5.095891089108911,7.438186324985439,64.777448177053,540.3447874199185,0.00030285381479324173
85,23.43511247877759,100.0,5.0657067062818335,7.421207937181664,95.5985749278438,529.6192699490662,0.0002207130730050947
86,23.64939293598234,100.0,4.942969977924944,7.458684697571743,11.395564909492274,579.466225165563,0.00022958057395143627
87,23.208984820817165,100.0,4.5725932435517,7.438631065966675,5.508082362474321,623.3072357909153,0.00011869436201780325
88,22.946059079771302,100.0,4.914860876667574,7.368858518921862,4.4823981241491975,710.0574462292404,0.00014157364552137302
89,22.65766340822877,100.0,4.940671140939598,7.339865789320105,1.7398955675517946,844.7855266997374,0.00015173621243069624
90,23.11116444073456,100.0,4.936563272120201,7.322599933222037,0.563897612687813,813.0764607679466,0.00018030050083472424
91,23.64868399871217,100.0,4.827679330328397,7.344424459111398,0.2563796909207985,793.5869285254346,0.002482292337411462
92,23.731560559006212,100.0,4.80417125110914,7.304349946761313,0.19338180124223603,761.933007985803,0.0034205856255545702
93,23.489753633060854,100.0,4.842397820163488,7.284241970935513,0.1418573569482289,731.0290644868302,0.003501362397820167
94,23.07861747851003,100.0,4.871853868194843,7.255413638968482,0.08271587392550143,720.7478510028653,0.04418338108882522
95,23.318953804347824,100.0,4.811073369565217,7.2768097282608695,0.006559103260869565,679.875,0.020951086956521724
96,22.96593915343915,100.0,4.845322751322752,7.182785996472663,0.007864708994708995,660.1746031746031,0.013597883597883612
97,23.393382352941178,100.0,5.40964705882353,7.170871764705883,0.0050835294117647055,648.2352941176471,1.8141176470588238
98,24.26669921875,100.0,4.6375953125,7.304545828125001,0.001069546875,511.559375,0.012140625000000016
99,23.750093353248694,100.0,4.624725914861837,7.377906751306946,0.0009869156086631814,593.991784914115,0.0006348020911127665
100,23.7040059347181,100.0,4.670800445103858,7.220325333827893,0.0006612017804154302,699.3152818991098,0.0006305637982195804
101,23.889267539076698,100.0,4.6333344238458745,7.0366270628862235,0.00040639403853144314,738.5332606324972,0.00030897855325336034
102,24.150347222222223,100.0,4.593890740740741,7.117570722222222,0.0006869814814814816,717.9925925925926,0.00314814814814818
103,23.293389423076924,100.0,4.5655269230769235,7.141870596153846,0.0005041346153846154,639.7615384615384,0.0016346153846153737
104,23.20715835140998,100.0,4.662084598698481,7.2049874295010845,0.0004739479392624729,674.468546637744,0.0395010845986985
105,24.063529866117406,94.71987641606592,5.063187435633368,3.687385149330587,3.763130792996911e-05,556.1905252317199,0.008063851699279078
106,25.393413840356285,80.54710517300445,13.889541281260707,8.445052137718397,14.370176108256253,658.8790681740322,0.00027064063035286056
107,25.938607325383305,81.80102214650766,15.214661669505963,8.372958889267462,45.15094702555367,567.4691652470187,0.00026916524701873953
108,25.403424350940018,80.04297224709042,14.125715308863027,8.33499466427932,94.88045833482542,518.3303491495076,0.0007072515666965085
109,25.006159728122345,85.83942225998301,7.169796091758709,8.248964698385727,32510.12103717077,502.3245539507222,0.0006711979609175872
110,24.54882271468144,81.59200633161852,7.355761772853185,8.216589279778393,4219.874265164226,484.42857142857144,0.0003126236644242181
111,24.522297891036906,82.89279437609842,14.857258347978911,8.14847662565905,6119.279664463972,474.18365553602814,0.0006942003514938489
112,25.1872308934338,100.0,8.961071044133476,7.952328180839612,1202.6350702152854,463.3552206673843,0.0008503767491926813
113,24.726309415682714,100.0,8.891571601574327,7.929709709355132,554.9074172358462,457.4072055706933,0.00023917650620647871
114,25.853075465196415,100.0,16.65960578911096,7.828003501033771,471.04811593383874,492.68504479669195,0.0005237767057201928
115,24.76300303720577,100.0,14.220374335611238,7.826738553530752,708.9379212110858,462.30030372057706,0.0008428246013667428
116,24.80965909090909,99.31818181818181,8.031409090909092,7.781404545454546,510.4814381818182,472.22727272727275,0.10090909090909085
117,25.50752360346184,99.26042486231314,14.0154704956727,7.746306829268292,1056.212033335956,485.2391817466562,0.0017466561762391809
118,25.71390415140415,99.68376068376068,13.426310134310134,7.731105262515262,551.2320871794872,494.5738705738706,0.0027106227106227137
119,25.096577201447527,99.98069963811821,12.074560916767188,7.71567066344994,384.69364683956576,488.4571773220748,0.0024125452352231603
120,24.827677065767286,99.98650927487353,13.192200674536258,7.70257960370995,651082.8931135583,496.0539629005059,0.0018718381112984813
121,25.458754595588236,100.0,13.784716911764706,7.682001617647059,5274989770.481911,494.37132352941177,0.00040441176470588014
122,24.50273359840954,99.99801192842942,17.280467196819085,7.679738489065606,7565749009.335035,501.34393638170974,0.0004373757455268366
123,24.15983870967742,99.99483870967742,17.330286451612903,7.671934206451613,5122799319.084644,534.6283870967742,0.00028387096774193393
124,25.270499618611748,99.84897025171625,16.496363844393592,7.6509411365369955,1964417239.7671752,524.2006102212052,0.00016781083142639657
125,24.95719178082192,100.0,15.153168036529681,7.639882529680365,2437104991.587198,528.8648401826484,0.00020091324200913134
126,24.237244897959183,100.0,15.706204081632654,7.685376734693878,2309539.5008110204,485.57142857142856,0.2542857142857143
127,25.28853626943005,100.0,10.498300518134716,7.621338601036269,2836516936.167383,552.9430051813472,0.009792746113989642
128,24.68804347826087,100.0,10.937426086956522,7.64030547826087,11348067372.528654,552.4347826086956,0.016434782608695592
129,25.175625,100.0,10.365820000000001,7.602875299999999,73910727.39790949,546.12,0.018900000000000007
130,24.7578125,100.0,4.263432692307692,7.609467884615384,7568112720.956346,578.5288461538462,0.01817307692307693
131,24.720821325648416,100.0,6.471865994236312,7.589049481268011,1861252354.419319,1223.7089337175792,0.0
132,24.16281185031185,100.0,5.346004158004158,7.599113627858628,6479074947.4469385,1271.0051975051974,0.0019646569646569654
133,24.306450145560408,100.0,5.507515283842795,7.583891783114992,8453.224446226346,1493.7791120815139,0.0006877729257641924
134,24.598616536458334,99.99375,5.000643229166667,7.586979716145834,287.6821747838541,1533.9184895833334,0.0005052083333333327
135,24.691035321218326,100.0,6.06754287176862,7.559552631174814,133.6247202354748,1492.2792423854619,0.0004837471205528541
136,24.438903243050607,100.0,4.994813257305774,7.550625466856735,87.7399426764077,1347.2940128296507,0.0006664290805416979
137,24.43628564713256,99.94641178314008,7.037308367282983,7.538234844876214,106.11605515825761,1344.6828580382326,0.0005922908179254131
138,24.836800052826202,99.99947173798203,7.124217115689382,7.501554738510301,6.765870211304808,1738.3755942947703,0.002947702060221869
139,24.575085812356978,99.98112128146452,7.700612700228833,7.431355389016018,0.9349378775743707,1821.5303203661326,0.0036155606407322696
140,24.92647653721683,98.64886731391586,6.187564724919094,7.383347572815534,0.11979982200647248,1834.7443365695792,0.010226537216828467
141,24.89250547045952,95.99854121079504,4.330779722830051,7.50886668125456,0.013478030634573306,1706.9839533187455,0.004609773887673236
142,24.983922829581992,95.0150053590568,5.842946945337621,7.558886972132904,0.006970728831725616,1809.0369774919614,0.003386923901393351
143,25.29890310786106,94.13467397928093,5.022811090798294,7.695936203534431,0.0025068799512492383,1877.611212675198,0.0038513101767215156
144,24.88945895522388,94.57794361525704,3.5342131011608626,7.670051194029851,0.00017540630182421226,1826.5273631840796,0.005223880597014923
145,24.45784375,95.987,3.1350075,7.640433785,0.00018224,1845.3705,0.003170000000000002
146,25.042155612244898,94.2408163265306,4.126608163265306,7.6629192091836735,0.0001927040816326531,1800.6913265306123,0.003224489795918364
147,24.477718676122933,95.16264775413711,3.6029555555555555,7.7091209503546105,7.555555555555556e-05,1861.5801418439717,0.0029881796690307432
148,24.058423052564915,96.77517416086131,4.775808106396454,7.716700557314756,7.447751741608613e-05,1789.9018366054465,0.004002533248891699
149,23.71832298136646,97.73478260869565,5.17995900621118,7.714504242236025,6.233540372670808e-05,1831.336645962733,0.003925465838509313
150,24.1510985066054,98.5611717403791,4.877714531878231,7.591059913842619,7.96438828259621e-05,1718.265364732912,0.007271682940838597
151,24.684128852739725,99.05222602739725,3.8883587328767124,7.568725577910959,7.219178082191781e-05,1767.6147260273972,0.001395547945205488
152,24.610242445537597,98.8158819395643,3.6872417427969078,7.58167681658468,9.054813773717498e-05,1690.5432185523541,0.002290934645115946
153,24.572423817161187,98.59823576583801,4.527381716118685,7.581197818765036,8.623897353648757e-05,1683.2959101844426,0.00261427425821972
154,23.952426888708366,98.95857026807474,3.4332656376929327,7.598344419171406,6.402112103980504e-05,1803.587327376117,0.002648253452477653
155,24.64547781569966,99.44027303754267,3.1195153583617747,7.541848498293516,7.464163822525598e-05,1819.4675767918088,0.011126279863481197
156,24.139942827442827,99.5904365904366,3.144114345114345,7.569684615384616,7.725571725571725e-05,1818.2619542619543,0.0067775467775467585
157,24.204760579064587,99.81291759465479,2.7829866369710468,7.568012449888641,7.153674832962139e-05,1843.3853006681516,0.007260579064588018
158,25.81330128205128,99.69658119658119,2.497213675213675,7.533840555555555,0.00010816239316239316,1566.991452991453,0.06991452991452997
159,25.511277403035415,99.8566610455312,2.63843676222597,7.527504198988195,0.0001100337268128162,1707.0016863406408,0.00431703204047218
160,25.00644329896907,99.99175257731959,2.248377319587629,7.551156103092784,0.00010478350515463918,1759.542268041237,0.005278350515463864
161,25.167509791122715,99.99608355091384,1.562704960835509,7.522836109660575,0.00010518276762402089,1681.4060052219322,0.003342036553524807
162,26.084522332506204,99.97022332506204,2.374119106699752,7.661442158808932,0.00024640198511166253,1898.9975186104218,0.006352357320099262
163,24.590589887640448,100.0,1.76638202247191,7.498209775280899,9.640449438202248e-05,1940.7865168539327,0.02876404494382025
164,24.083916083916083,99.98601398601399,1.4931013986013986,7.51734062937063,0.00010548951048951049,1972.9335664335665,0.008986013986013962
165,24.395089285714285,100.0,2.2203839285714286,6.202580982142857,5.089285714285715e-06,102.74107142857143,0.01817602044642855
166,26.0625,100.0,12.435,5.97326,1e-05,0.0,2.0357100000000017
167,25.25,100.0,0.0,6.05043,0.0,31.0,2.035709999999998
168,23.9375,100.0,0.0,6.16845,7.6301,2473.0,2.0357100000000017
169,25.42808771364076,100.0,12.458181554337312,8.404279455014512,11512561.638711603,201.8387616897775,0.00022573363431151232
170,25.94855694227769,100.0,12.93784492979719,8.393613001560063,0.38,184.57441497659906,0.00021840873634945403
171,25.349366103202847,100.0,9.2874243772242,8.405416361209964,0.38,172.3220640569395,0.000622775800711744
172,25.055734536082475,100.0,9.776550687285225,8.333842018900343,808202.8060157389,151.6537800687285,0.0006013745704467355
173,24.505091853035143,100.0,7.238285143769969,8.325194400958466,1107520.6865575078,146.98841853035142,0.00027955271565495215
174,24.432276392961878,100.0,13.445173020527859,8.226858951612904,99295432.79910158,146.84530791788856,0.0005131964809384159
175,25.041425184404638,100.0,12.966971548998947,7.954560379346681,1177526643.2555783,128.92939936775554,0.0007376185458377232
176,24.588951841359773,100.0,7.765548441926345,7.915420062322946,114716292.91581513,124.74475920679886,0.00019830028328611928
177,24.627739448051948,100.0,12.50543777056277,7.8624147835497835,643128923.5000846,128.57467532467533,0.0003787878787878784
178,25.11368389602629,100.0,12.660978488198387,7.820642874215715,1107413607.7908752,135.04272482820437,0.000209142515685689
179,25.291316188637616,100.0,14.095624103695533,7.781680998345284,1025664181.818883,142.73690016547158,0.00017650303364589046
180,24.648839259476933,100.0,8.592699676755803,7.762285844842786,1033471033.0263261,136.079341757273,0.0002615339406406114
181,24.076781272210376,100.0,14.891189054726366,7.730265113717128,1321444315.404006,127.07036247334754,0.00031627576403695824
182,24.84375,100.0,21.982999999999997,7.70506,76537010.93559,153.0,0.4449999999999994
183,24.546296296296298,100.0,8.401814814814815,7.683621481481482,1485.7258796296296,117.5925925925926,0.032962962962962986
184,25.273973565804276,100.0,15.642929696287965,7.643289606299213,694708930.3522207,144.38132733408324,0.0005005624296962883
185,25.598994252873563,100.0,12.842608045977011,7.627613356321839,2538084496.8355465,141.9919540229885,0.0010229885057471272
186,24.955947837150127,100.0,6.7463931297709925,7.614697519083969,890353044.514359,144.16921119592877,0.001132315521628495
187,24.636339820359282,100.0,8.339262874251498,7.5917324251497,2115135018.114808,146.83832335329342,0.0005329341317365273
188,25.026414451261076,100.0,9.111304021813224,7.568755562372188,5571.478949175188,156.86230402181323,0.0006066802999318341
189,24.384546963946867,100.0,7.159221062618596,7.5611480360531305,5075480.28725461,145.17457305502847,0.0008444022770398487
190,24.497729524438572,100.0,14.051641347424043,7.537720693527081,761748470.1412697,142.03632760898282,0.000587846763540291
191,25.345037453183522,100.0,9.296372284644194,7.513500494382023,21586.953554374533,153.36029962546817,0.0006666666666666671
192,24.854028925619836,100.0,7.549292561983472,7.517713801652892,7902.183616347108,157.46776859504132,0.0014710743801652903
193,23.981117021276596,100.0,8.060144680851064,7.521577106382979,19545.81282889362,173.2468085106383,0.003531914893617014
194,24.28784956605593,100.0,7.6433510125361614,7.488263905496625,35444493.37754654,147.33558341369334,0.0014464802314368371
195,24.697195512820514,100.0,6.837169230769231,7.473375307692307,706047625.4765542,154.09358974358975,0.0019230769230769232
196,24.61228813559322,100.0,6.186445197740113,7.454264,2178231970.4855046,147.21468926553672,0.001694915254237288
197,24.58253816793893,100.0,3.022763358778626,7.43735203562341,6365.507531806616,128.99745547073792,0.003816793893129771
198,24.60386690647482,100.0,1.3544028776978416,7.432184964028776,806487596.2021545,158.38129496402877,0.01079136690647482
199,24.303543613707166,100.0,4.25117445482866,7.422433956386293,6046911.400205545,187.60124610591902,0.004672897196261682
200,24.152987897125566,100.0,5.929104387291981,7.413743767019667,134.1237825567322,236.76853252647504,0.0022692889561270802
201,24.381803338171263,100.0,5.501647314949202,7.398491349782294,16.605006647314948,319.833091436865,0.0021770682148040637
202,24.3814777904328,100.0,5.317044419134396,7.391121184510251,12.666360307517085,347.7175398633257,0.0017084282460136675
203,24.150764627659573,100.0,5.403880319148936,7.383943231382978,11.925226582446808,369.84973404255317,0.0019946808510638296
204,24.09087601862631,100.0,5.337698486612339,7.363957939464494,221.88264731082654,360.30151338766007,0.0017462165308498253
205,24.596053230209282,100.0,6.84910737033667,7.338048926296633,208.83368144676982,335.9135577797998,0.001364877161055505
206,24.631589299763966,36.80015735641227,5.458619984264359,7.3000618253343825,55.33078306058223,362.39181746656175,0.0011801730920535012
207,24.42138246772741,10.07775442809967,35.07714169918943,7.3183434704293004,19.73207983188232,418.9060342239568,0.0004503152206544581
208,24.40915944214097,8.371277798718433,38.188110441010174,7.310638801356954,10.8041914436487,469.9389370523935,0.0005503203920090467
209,24.622010030864196,19.34259259259259,38.68712191358025,7.298646851851851,8.121623703703705,472.5987654320988,0.002253086419753088
210,24.51140510948905,84.4340258281864,37.65455867490174,7.290956732172937,6.394422706344749,472.47725996631107,0.0008197641774284114
211,24.574258870214752,68.0812324929972,37.02112464985994,7.2734990476190475,21.22220516339869,557.5247432306256,0.0006816059757236232
212,24.937713310580204,71.88566552901024,33.36203868031854,7.255938754266212,353.58445722980656,672.9453924914676,0.0008304891922639326
213,24.493,76.95923809523809,20.21585561904762,7.242321992380952,0.9453204952380952,808.7074285714285,0.0005561904761904765
214,24.083333333333332,83.66666666666667,5.062333333333333,7.23069,0.46912333333333334,937.6666666666666,0.48666666666666697
215,24.5120606169297,93.14131994261119,4.857238880918221,7.168155903873745,0.3696911406025825,919.560975609756,0.0010473457675753235
216,24.07711781358885,89.92900696864112,9.184688588850173,7.156503614982579,0.531413549651568,829.7295296167248,0.0006358885017421607
217,24.413159296750134,97.8444326052211,3.9859483217900906,7.132628790623335,0.9510738359083645,928.9307405434204,0.00072988811933937
218,23.886087363077745,92.45925728025648,5.300217472615549,7.1324791878172595,0.39769076676462733,905.8853860539674,0.0004141063318193974
219,23.660344112769486,92.25638474295191,3.969556550580431,7.128279648424543,0.46032805638474295,835.2961857379768,0.00048424543946931793
220,23.411384657236127,93.00145085237577,3.527747188973522,7.1193127167210735,0.34267392455567647,927.6365614798694,0.0005295611171563323
221,23.87712962962963,92.42703703703704,4.3831096296296295,7.103786851851852,0.5500050740740741,893.7733333333333,0.0005629629629629615
222,24.40884670487106,91.32843839541547,5.292404011461318,7.090017120343839,0.5449145988538682,985.6149713467049,0.0012893982808022903
223,24.494912790697676,93.26215644820296,5.136950317124736,7.085052389006343,1.0193368393234672,928.8076109936575,0.003805496828752652
224,24.226085209003216,100.0,2.65032154340836,7.068276334405145,0.7407840192926045,899.1864951768489,0.011575562700964612
225,23.61113813229572,100.0,3.1758054474708173,7.072055836575876,0.7033700778210117,914.9338521400779,0.014007782101167349
226,24.26388888888889,100.0,2.2303333333333333,7.019246888888889,0.8298784444444445,935.3777777777777,0.0800000000000002
227,23.808035714285715,100.0,1.9455285714285715,7.022000428571428,0.9800735714285713,930.6142857142858,0.051428571428571344
228,24.001582278481013,100.0,1.999860759493671,7.005493544303797,0.9298424050632911,1067.4303797468353,0.04556962025316467
229,25.311773255813954,100.0,1.4932790697674418,6.936306860465116,1.1503929069767442,843.6279069767442,0.041860465116279166
230,24.669117647058822,100.0,1.602235294117647,6.942243294117647,1.117643,914.6470588235294,0.018235294117647027
231,24.635227272727274,100.0,1.2424060606060607,6.931026303030303,1.4288285454545455,1005.6121212121212,0.018787878787878753
232,24.307598039215687,100.0,1.6606946778711487,6.920489327731092,1.7253621848739495,950.3137254901961,0.008683473389355767
233,25.03734756097561,100.0,1.735378048780488,6.896318048780487,2721862.973972683,1098.2073170731708,0.03780487804878059
234,24.13269230769231,100.0,1.3356615384615385,6.883803846153846,4.591867692307693,1151.5692307692307,0.0476923076923076
235,23.86771472392638,100.0,1.337036809815951,6.870593558282209,3.5952593865030678,1220.0552147239264,0.019018404907975427
236,25.09375,100.0,1.527222222222222,4.186976111111111,1.2244566666666667,1015.7777777777778,0.5227777777777776
237,24.975,100.0,0.7019,3.112939,2.049072,991.9,0.9409999999999996
238,25.387096774193548,100.0,1.0744516129032258,4.023335483870968,1.6175187096774193,1096.6129032258063,0.30354838709677406
239,25.485035211267604,100.0,0.9354647887323945,4.083112112676056,2.3061264788732396,1089.9154929577464,0.13253521126760595
240,25.499007352941177,100.0,3.218557647058824,0.2994513411764706,3.629212305882353,985.415294117647,0.005535294117647057
241,24.991592482690404,100.0,3.2,0.12357035608308604,5.176049047148038,965.0135179690076,0.003102538740520944
242,24.91643954410307,100.0,3.1999999999999997,-0.06324106375949785,4.890425827552032,990.6481665014866,0.003141724479682852
243,24.96809426871281,100.0,3.1959805825242724,-0.25425274350140936,6.005321559661761,970.114938928907,0.0029345443156905747
244,24.433784462952325,100.0,3.1984577828834007,-0.23293001435956348,8.130609804709938,916.3561171740379,0.00031591039632394196
245,23.983370754981756,100.0,3.1968818411451023,-0.2055051248947516,3.7460330985124894,1036.4204322200394,0.0003087285994948141
246,24.689885222381637,100.0,3.1957747489239603,-0.28397847345767574,8.05591886944046,1040.4384505021521,0.0003156384505021423
247,25.14670582226762,100.0,3.197288559754852,-0.38247096527068436,13.072265541368743,1197.8861082737487,0.0005617977528090004
248,25.097365452787624,100.0,3.1942465356107,-0.24227784402191427,20.047922255881407,1202.9680953915565,0.0003544956493715832
249,25.120482850142917,100.0,3.1934785626786444,-0.25641465496120863,21.16295710902409,1194.026541445488,0.00044916292364228903
250,25.234946701238837,100.0,3.1943050993949873,-0.26281111207144914,19.813871169691733,1159.7888216652261,0.0003169115528666156
251,25.46141975308642,100.0,3.1999999999999997,-0.03939920920920921,40.34136951618285,1133.0837504170838,0.0003670337003670223
252,25.950862068965517,100.0,3.2,-0.32659481773399013,25.924996640394088,1169.424630541872,0.0010837438423645545
253,26.01125873253493,100.0,3.2,-0.5897836776447106,17.847019555888224,1263.7699600798403,0.0005489021956087938
254,26.092589890263834,100.0,3.2,-0.13491415129582068,690.6469146812982,1120.1816483773057,0.0002568293252393103
255,25.96591796875,100.0,3.2,-0.151921890625,46.374640476562504,1088.803125,0.0008593750000000178
256,25.46580788804071,100.0,3.2,-0.09436849872773538,361.25625902671754,1204.370865139949,0.0006997455470738058
257,25.66698709145839,100.0,3.2,-0.1604439989014007,285080691.11375546,1198.9104641581982,0.0003021148036253839
258,25.91003086419753,100.0,3.2,-0.17662035802469137,1071.375248382716,1070.8703703703704,0.005123456790123429
259,25.359490346394093,100.0,3.2000000000000006,-0.17771072118114706,40.890257785349235,1072.1402612152185,0.0023566155593413027
260,26.14876033057851,100.0,3.155931818181818,2.26825986053719,25.759988145661158,1035.919938016529,0.0021435950413223022
261,26.746610424826756,100.0,3.1340129557095513,3.6967929255799943,5.745621569749925,1022.2892437481169,0.0012503766194637042
262,26.635529366306027,100.0,3.1469922720247294,2.4662491499227204,7.333665564142195,988.1777434312211,0.0064142194744976466
263,25.426756007393717,100.0,3.2,0.1165751201478743,4589569273.318375,921.1035120147874,0.006598890942698694
264,25.754681720098645,100.0,3.199093094944513,0.07456597102342787,559.7404253791616,1089.1008014796548,0.001100493218249073
265,26.21730922098569,100.0,3.2,0.008751030206677265,46.14134997456279,1055.731319554849,0.001135135135135133
266,25.36604916280727,93.3925899536872,4.660648022800142,-0.4399432062700392,3665876502.88609,979.5539722123264,0.001271820448877803
267,25.30074216144096,70.08605737158105,18.345899599733155,-1.845439633088726,738727359.9339126,1046.2911941294196,0.0011907938625750477
268,25.63899667405765,55.56947524020695,34.95429896526238,-1.879319689578714,3089474417.3631635,875.5927568366593,0.0013192904656319266
269,25.663215112433864,55.7526455026455,28.032435846560844,-1.8773712202380952,198.65132767857145,1073.9054232804233,0.0011805555555555534
270,26.125,55.00723065798988,16.54574367317426,-1.8731937924801156,15704.62762320318,973.4844540853218,0.0012906724511930767
271,26.123214285714287,33.91428571428571,38.33905714285715,8.155053142857142,145933128.95898998,1184.4571428571428,0.002938775514285714
272,25.97337962962963,40.52777777777778,18.535888888888888,8.105457685185185,164928282.33909443,975.75,0.011283068787037042
273,26.11875,43.8,9.55725,8.101127000000002,1218153.7992584999,933.55,0.06092857139999998
274,25.4375,41.774193548387096,5.1376451612903224,8.041933870967743,571065.8164732258,913.6774193548387,0.03930875577419354
275,25.420454545454547,34.27272727272727,9.177909090909091,7.459723636363637,116464643469.625,499.45454545454544,0.11077922090909098
276,25.71554054054054,35.36486486486486,40.048,7.225843108108108,3168620060.354566,469.4216216216216,0.00329343629729729
277,26.20639338731444,35.39676113360324,38.56647368421053,7.1672701619433195,2867215067.5846577,482.8191632928475,0.0016444958569500686
278,26.3125,34.0,3.221,6.97648,120323.0234,387.0,1.4857142900000009
279,26.378434065934066,34.13186813186813,6.292230769230769,6.993438681318681,17505160627.87892,387.5824175824176,0.016326530549450546
280,25.475877192982455,34.175438596491226,6.605245614035088,6.964851228070175,4403128780.966079,387.5263157894737,0.026065162982456157
281,24.8125,32.0,1.8335,6.88569,584582.89065,386.5,0.7428571449999986
282,25.498828125,30.91875,14.78693125,6.8436395625,5943266825.563906,414.31875,0.009285714250000021
283,26.7625,32.72,9.31168,6.8424700000000005,279255807.92,373.8,0.05942857159999988
284,24.7625,32.4,5.3007,6.893861666666667,12571533786.079521,361.6333333333333,0.049523809333333446
285,24.669354838709676,33.935483870967744,38.394774193548386,6.879245483870967,131602551.52117904,470.83870967741933,0.04792626741935475
286,25.75297619047619,32.42857142857143,9.046142857142858,6.85391,151872893.0526043,410.6190476190476,0.01088435380952392
287,24.801136363636363,30.454545454545453,9.089636363636364,6.865466363636363,1247326.276729091,353.8181818181818,0.020779220000000136
288,25.386029411764707,31.058823529411764,12.015529411764707,6.821870588235294,36578501685.94118,367.2352941176471,0.013445378235293834
289,24.955856643356643,31.146853146853147,9.371062937062936,6.83590972027972,7660620884.538682,347.6993006993007,0.0015984016083916244
290,25.190119760479043,31.149700598802394,8.02222754491018,6.861848203592815,13946231110.69826,334.5748502994012,0.0013686911976048043
291,25.91139846743295,31.67816091954023,7.44932183908046,6.871374176245211,6699985179.0071745,328.81609195402297,0.0008757526053639662
292,25.476633522727273,32.61590909090909,7.0482795454545455,6.913244806818182,2526715135.550957,316.5625,0.00025974026136363896
293,24.889619276708693,33.01526211015262,8.665065029860651,6.941652786994027,1718148601.433363,307.79495686794957,7.583657266091649e-05
294,24.797007144940217,32.79090113735783,9.03172645086031,6.957371977252843,1334735834.0503693,309.41207349081367,6.66583318751827e-05
295,25.04848345588235,33.60378959276018,7.935923076923077,6.972836951357466,8899395.063913396,314.6990950226244,6.464124151583574e-05
296,25.362721055540206,34.12462006079027,9.54517822602929,6.9919364410058025,1026.370360027632,322.0851063829787,6.315872616745021e-05
297,25.205833584564367,34.01236056677721,8.693504672897197,7.010460521555623,37.1928864516129,357.2640940608984,6.890908350919575e-05
298,25.217631781454404,30.263947672181608,9.776785302039247,7.081417568295499,42.01136319738361,403.46017699115043,0.002445995713736051
299,25.460472470238095,28.845238095238095,16.893217261904763,7.150235044642857,29.298010238095237,394.13392857142856,0.009460034002976195
300,25.407804639463386,26.9564002235886,14.634374510899944,7.191246316377865,36.628912051425374,388.4645053102292,0.003553461632196756
301,25.520668374476013,31.038192827200746,16.67733302282254,7.2226165253842565,540.68986424313,384.5957149510946,0.0029609421797857456
302,25.884026179516685,32.386651323360184,16.159612773302648,7.233701749136938,24.7884333141542,415.17548906789415,0.00365773467203683
303,25.447065612758813,31.962506994963626,18.904273642977056,7.242852602126469,17.59635270565193,436.3810856183548,0.0017787193200895363
304,24.8125,33.0,15.755,7.27154,16.84527,445.0,6.357142859999996
305,25.39649470899471,33.643151087595534,20.07196002351558,7.198760605526162,3.5964219929453267,519.0458553791888,0.003737297389770721
306,25.01577418015774,33.395599833956,16.96313283520133,7.194471876297219,149.4930424117891,514.104192611042,0.0052778272063096696
307,25.811047786058747,34.288031565103026,12.422846120122752,7.189591236299869,8.179358899605436,516.7159140727751,0.0
308,24.95029639762882,34.56999544003648,18.96859553123575,7.170884539443684,2.2008738987688097,617.2318741450068,0.0014494169630642967
309,24.406081354560172,34.34376686454398,13.646282784673504,7.168380569347005,1.483919997301673,735.3343227199136,0.0017153650566648678
310,24.17457765034098,33.07718536887787,13.072849039057656,7.16122929634222,1.6625382176069436,842.4814011159331,0.0019705960322380675
311,24.77826034259858,32.043956043956044,11.449702650290885,7.135075174531352,2.2316702617970265,828.5077569489334,0.0020546680349062653
312,25.18614832149774,32.96158812136863,12.819250484183344,7.105301923821821,1.134496139444803,956.7295029051,0.0016692797288573316
313,25.130987858719646,33.46225165562914,14.774940838852098,7.0808829359823395,1.0622354216335541,984.2348785871965,0.0022831913907284725
314,24.923770680147058,34.220588235294116,14.28387637867647,7.049661948529412,0.727761447610294,1004.0799632352941,0.002376575643382359
315,24.185944479897895,34.086790044671346,18.67646649649011,7.046838321633695,0.6361489406509253,1044.245054243778,0.0033002097000638065
316,25.299422554347824,33.07065217391305,5.376853260869566,7.056832119565217,0.7089561684782609,1044.1005434782608,0.014052795108695688
317,24.40668402777778,33.21875,6.409017361111111,7.039966875,0.8312769618055555,1064.0347222222222,0.00897817465277775
318,24.55009765625,33.428125,5.2753250000000005,7.038405437500001,0.48832232812500004,1094.5484375,0.00808035703125003
319,26.460069444444443,34.27777777777778,4.779964285714286,7.046154007936507,0.6335929365079366,941.2301587301587,0.020521542063492004
320,25.740816540722083,33.5600335852225,9.386649034424853,7.01451483627204,0.5164817968094039,1176.4550797649035,0.0037663428211587003
321,25.69917224702381,32.87202380952381,14.693728422619047,7.018563236607143,0.36932490327380957,1319.799107142857,0.003337585044642845
322,25.724897540983605,33.44583036350677,12.090090520313614,7.032101945830363,0.24515663578047042,1325.8727726300783,0.0015986152173913086
323,26.486820428336078,33.18616144975288,5.829886326194399,7.052302998352554,0.4410843492586491,1622.833607907743,0.007389973970345947
324,25.00085282651072,32.61208576998051,4.798200779727095,6.993220311890838,0.29462984405458087,1565.514619883041,0.008744082456140374
325,24.662725667189953,33.44270015698587,4.005305337519623,6.998265502354788,0.31953731554160125,1437.14442700157,0.0035209688383045622
326,24.967556864337936,34.61088545897644,5.2161925264013,6.984861380991064,0.466926848090983,1505.991064175467,0.003643959626320052
327,25.88859502598367,35.493689680772086,39.22634818114329,-1.329018559762435,3759242.0471210694,1867.003711952487,0.003330151670378607
328,25.61979813664596,35.61180124223603,39.80728850931678,-1.336878195652174,1.067373142857143,1752.203105590062,0.001393078975155292
329,26.12912018255578,38.448613928329955,38.63633096686951,-1.350149496281271,0.7966627586206897,1836.9334009465856,0.001516468661257601
330,26.231286755305547,40.138839171567376,38.57236870365636,-1.3589260240347738,0.6609783635898747,1919.8368703656354,0.001146948171823059
331,25.93829330512693,44.2297162767546,32.58700846192136,-1.3492034868093579,1.1178554031856647,1906.8539074166251,0.0011164047536087564
332,25.42808771364076,100.0,12.458181554337312,8.404279455014512,11512561.716195924,201.8387616897775,0.00030312802321831665
333,25.94855694227769,100.0,12.93784492979719,8.393613001560063,0.45842000000000005,184.57441497659906,0.0002932917316692668
334,25.349366103202847,100.0,9.2874243772242,8.405416361209964,0.45842000000000005,172.3220640569395,0.000836298932384342
335,25.055734536082475,100.0,9.776550687285225,8.333842018900343,808202.8839641409,151.6537800687285,0.0008075601374570444
336,24.505091853035143,100.0,7.238285143769969,8.325194400958466,1107520.7649461902,146.98841853035142,0.00037539936102236435
337,24.432276392961878,100.0,13.445173020527859,8.226858951612904,99295432.87372705,146.84530791788856,0.0006891495601173024
338,25.041075184016826,100.0,12.943991587802314,7.954560736067298,1176009433.1049054,128.92639327024185,0.0009884332281808635
339,24.59852374839538,100.0,7.229007958921695,7.914171263157894,109817372.62534036,125.04955070603337,0.00024133504492939657
340,24.619752332296756,100.0,10.631794313638384,7.863907392270102,544197573.8402792,128.74278098622835,0.00041759218125277635
341,25.098409882997263,100.0,10.889493403037093,7.821787694797113,1429216377.9310303,134.87926313169032,0.00023400547672392362
342,25.06902841781874,100.0,7.096092165898617,7.581684700460829,914800264.1364415,153.33026113671275,0.0016743471582181262
343,25.05661764705882,100.0,9.156494852941178,7.566528242647059,5925.079539205883,157.33970588235294,0.0008014705882352942
344,24.384546963946867,100.0,7.159221062618596,7.5611480360531305,5075480.318503567,145.17457305502847,0.0010056925996204922
345,24.497729524438572,100.0,14.051641347424043,7.537720693527081,762350971.0569569,142.03632760898282,0.0007001321003963028
346,25.345037453183522,100.0,9.296372284644194,7.513500494382023,21586.953554374533,153.36029962546817,0.0008164794007490638
347,24.854028925619836,100.0,7.549292561983472,7.517713801652892,7902.183616347108,157.46776859504132,0.0018016528925619837
348,23.981117021276596,100.0,8.060144680851064,7.521577106382979,19545.81282889362,173.2468085106383,0.005063829787234032
349,24.28784956605593,100.0,7.6433510125361614,7.488263905496625,35444493.42405406,147.33558341369334,0.002246865959498552
350,24.697195512820514,100.0,6.837169230769231,7.473375307692307,706632360.3553838,154.09358974358975,0.002987179487179494
351,24.61228813559322,100.0,6.186445197740113,7.454264,2177164681.3604293,147.21468926553672,0.002632768361581919
352,24.58253816793893,100.0,3.022763358778626,7.43735203562341,6365.585752264631,128.99745547073792,0.0059287531806615735
353,24.60386690647482,100.0,1.3544028776978416,7.432184964028776,806487596.2393899,158.38129496402877,0.016762589928057542
354,24.303543613707166,100.0,4.25117445482866,7.422433956386293,6046911.400694144,187.60124610591902,0.001028037383177587
355,24.152987897125566,100.0,5.929104387291981,7.413743767019667,134.1237825567322,236.76853252647504,0.006550680786686835
356,24.381803338171263,100.0,5.501647314949202,7.398491349782294,16.605006647314948,319.833091436865,0.0033817126269956436
357,24.3814777904328,100.0,5.317044419134396,7.391121184510251,12.666360307517085,347.7175398633257,0.002653758542141228
358,24.150764627659573,100.0,5.403880319148936,7.383943231382978,11.925226582446808,369.84973404255317,0.003098404255319156
359,24.09087601862631,100.0,5.337698486612339,7.363957939464494,221.88264731082654,360.30151338766007,0.0027124563445867266
360,24.596053230209282,100.0,6.84910737033667,7.338048926296633,208.83368144676982,335.9135577797998,0.002120109190172883
361,24.631589299763966,36.80015735641227,5.458619984264359,7.3000618253343825,55.33078306058223,362.39181746656175,0.0018332022029897705
362,24.42138246772741,10.07775442809967,35.07714169918943,7.3183434704293004,19.73207983188232,418.9060342239568,0.0006934854398078662
363,24.40915944214097,8.371277798718433,38.188110441010174,7.310638801356954,10.8041914436487,469.9389370523935,0.00016584998115341037
364,24.622010030864196,19.34259259259259,38.68712191358025,7.298646851851851,8.121623703703705,472.5987654320988,0.0006790123456790089
365,24.51140510948905,84.4340258281864,37.65455867490174,7.290956732172937,6.394422706344749,472.47725996631107,0.00024705221785513627
366,24.574258870214752,68.0812324929972,37.02112464985994,7.2734990476190475,21.22220516339869,557.5247432306256,0.00020541549953315215
367,24.937713310580204,71.88566552901024,33.36203868031854,7.255938754266212,353.58445722980656,672.9453924914676,0.0002502844141069384
368,24.493,76.95923809523809,20.21585561904762,7.242321992380952,0.9453204952380952,808.7074285714285,0.00016761904761904676
369,24.083333333333332,83.66666666666667,5.062333333333333,7.23069,0.46912333333333334,937.6666666666666,0.14666666666666592
370,24.5120606169297,93.14131994261119,4.857238880918221,7.168155903873745,0.3696911406025825,919.560975609756,0.0003156384505021504
371,24.07711781358885,89.92900696864112,9.184688588850173,7.156503614982579,0.531413549651568,829.7295296167248,0.0001916376306620199
372,24.413159296750134,97.8444326052211,3.9859483217900906,7.132628790623335,0.9510738359083645,928.9307405434204,0.00023441662226958546
373,23.886087363077745,92.45925728025648,5.300217472615549,7.1324791878172595,0.39769076676462733,905.8853860539674,0.00011755276516163444
374,23.660344112769486,92.25638474295191,3.969556550580431,7.128279648424543,0.46032805638474295,835.2961857379768,0.00014593698175787654
375,23.411384657236127,93.00145085237577,3.527747188973522,7.1193127167210735,0.34267392455567647,927.6365614798694,0.00015959376133478336
376,23.87712962962963,92.42703703703704,4.3831096296296295,7.103786851851852,0.5500050740740741,893.7733333333333,0.00017777777777777925
377,24.40884670487106,91.32843839541547,5.292404011461318,7.090017120343839,0.5449145988538682,985.6149713467049,0.0014075931232091663
378,24.494912790697676,93.26215644820296,5.136950317124736,7.085052389006343,1.0193368393234672,928.8076109936575,0.0041437632135306575
379,24.226085209003216,100.0,2.65032154340836,7.068276334405145,0.7407840192926045,899.1864951768489,0.012604501607717047
380,23.61113813229572,100.0,3.1758054474708173,7.072055836575876,0.7033700778210117,914.9338521400779,0.015252918287937749
381,24.26388888888889,100.0,2.2303333333333333,7.019246888888889,0.8298784444444445,935.3777777777777,0.0866666666666668
382,23.808035714285715,100.0,1.9455285714285715,7.022000428571428,0.9800735714285713,930.6142857142858,0.05599999999999983
383,24.001582278481013,100.0,1.999860759493671,7.005493544303797,0.9298424050632911,1067.4303797468353,0.03696202531645572
384,25.311773255813954,100.0,1.4932790697674418,6.936306860465116,1.1503929069767442,843.6279069767442,0.04686046511627908
385,24.669117647058822,100.0,1.602235294117647,6.942243294117647,1.117643,914.6470588235294,0.019705882352941226
386,24.635227272727274,100.0,1.2424060606060607,6.931026303030303,1.4288285454545455,1005.6121212121212,0.020303030303030267
387,24.307598039215687,100.0,1.6606946778711487,6.920489327731092,1.7253621848739495,950.3137254901961,0.009383753501400544
388,25.03734756097561,100.0,1.735378048780488,6.896318048780487,2721862.9749290245,1098.2073170731708,0.0408536585365853
389,24.13269230769231,100.0,1.3356615384615385,6.883803846153846,4.591867692307693,1151.5692307692307,0.05153846153846145
390,23.86771472392638,100.0,1.337036809815951,6.870593558282209,3.5952593865030678,1220.0552147239264,0.02055214723926377
391,25.09375,100.0,1.527222222222222,4.186976111111111,1.2244566666666667,1015.7777777777778,0.36555555555555624
392,24.975,100.0,0.7019,3.112939,2.049072,991.9,0.6580000000000013
393,25.387096774193548,100.0,1.0744516129032258,4.023335483870968,1.6175187096774193,1096.6129032258063,0.21225806451612853
394,25.485035211267604,100.0,0.9354647887323945,4.083112112676056,2.3061264788732396,1089.9154929577464,0.09267605633802835
395,24.8125,100.0,0.6332,-0.239454,6.405882,977.6,1.3120000000000005
396,24.59375,100.0,0.515,-0.318445,21.922395,814.5,1.5949999999999989
397,23.7625,100.0,0.978,-0.162284,3.5848820000000003,1039.2,0.6379999999999996
398,24.84375,100.0,0.7458333333333332,-0.30633666666666665,7.118751666666667,1175.5,0.5316666666666663
399,25.03125,100.0,0.5455,-0.49774999999999997,6.88251,1283.0,1.5949999999999989
400,25.169642857142858,100.0,0.6495714285714287,-0.29444857142857145,27.939855714285716,1169.2857142857142,0.4557142857142854
401,24.90625,100.0,0.5381666666666667,-0.290445,28.57115833333333,1185.6666666666667,0.6149999999999997
402,27.463315217391305,100.0,1.3453043478260869,4.45766695652174,18.03093847826087,1012.5217391304348,0.053478260869564774
403,26.74454697986577,100.0,1.7301275167785235,3.722290738255033,6.219903825503356,1007.2751677852349,0.01651006711409382
404,24.483126690712353,22.538322813345356,6.9919558160504955,8.43410045987376,66.4889085572588,141.1199278629396,0.0004946541289449954
405,25.484013445903688,-2.6710444027517197,8.538987492182615,8.391447285803627,156.42784771106943,112.61976235146967,0.0003430715628517823
406,25.422179665738163,-0.6016713091922006,4.141532033426183,8.147177075208914,953.8967124233984,105.19220055710306,0.001528054116991643
407,24.412525354969574,10.675456389452332,7.348726166328601,8.07981695740365,324.8186939350913,98.47261663286004,0.00111272095131846
408,24.51475155279503,9.778172138420585,7.601520851818989,7.9944674800354925,0.38441894409937893,101.13487133984029,0.00048675370718722255
409,23.77275964066608,8.10560911481157,12.593533304119193,7.9558332646801055,0.36358449605609117,93.9373356704645,0.0002403906349693251
410,23.697916666666668,53.99023199023199,13.370405372405372,7.882163724053724,0.3578172588522589,96.04334554334554,0.00033490319169719214
411,24.245854922279793,87.67772020725388,19.671868393782383,7.692882010362695,0.3807805077720207,94.45492227979274,0.0005684678062176177
412,23.760183757388845,94.37368285787716,12.207553585196608,7.66742209457723,0.06974225134926754,90.53636597275765,0.00014098468774094064
413,23.84280303030303,92.27935606060606,16.527160511363636,7.6282316998106054,0.6836142803030303,93.94128787878788,0.0002597402604166662
414,24.25234136085627,93.85881753312945,14.89248139653415,7.600145280326197,0.6603135423037717,92.82670744138635,0.0001397990392456679
415,24.560127557308356,95.74685728370717,16.243896721715554,7.56910332018733,0.4850007591816613,99.21937392161696,0.00013521602908553095
416,23.674045645575532,96.28297922017278,12.402868550081719,7.548504998832595,0.2785420289516694,90.08498715853374,0.0005903739038057435
417,23.827380952380953,100.0,18.061333333333334,7.528560476190476,0.6905357142857144,99.28571428571429,0.1204081628571428
418,24.797513940520446,82.17704460966543,22.299079460966542,7.476697281598513,0.8427787314126395,108.40473977695167,0.0011749867239776966
419,24.839437618147446,76.45179584120983,16.932471959672338,7.465835759294266,0.9108253623188406,120.66162570888469,0.0015933027284183992
420,24.212448074018127,89.220166163142,12.683486404833838,7.447973304380665,0.6595676359516617,115.79040785498489,0.0009548985762839877
421,23.957783080543933,94.76072175732217,14.922714173640168,7.43519650627615,0.7585161114016736,130.16108786610877,0.0006612372986401663
422,24.508152173913043,96.83223954060705,15.390623051681706,7.411507444626744,0.9943994011484825,137.39991796554554,0.0010371498892534892
423,23.677241161616163,96.81637806637806,11.043989177489179,7.400888275613276,3977.322669787158,127.14105339105339,0.0009121830555555554
424,23.47675026123302,91.52838732149077,14.28416300940439,7.386910013932428,0.15470016370602577,137.01428073841868,0.0008807284639498428
425,24.55619787717968,94.64177407126611,14.879886656558,7.370639116755117,157.95458225170583,133.1751326762699,0.0009585183586050037
426,23.969296034946236,92.34072580645162,12.914135080645162,7.367431498655914,267.8757554637097,135.17137096774192,0.0016993087567204299
427,23.146570267686425,96.82026768642447,12.073643403441684,7.37794654875717,194311.81342460803,117.23040152963671,0.002417372304015296
428,22.90601644245142,95.48654708520179,12.66252615844544,7.35852514200299,6445.071001935725,119.82137518684604,7.473841554559147e-05
429,24.20345744680851,82.72340425531915,11.481872340425532,7.318581489361701,0.6683906382978723,104.02127659574468,0.0021276595744681146
430,23.97374326750449,79.45960502692998,17.242400359066426,7.308340807899461,0.5782808797127468,107.22800718132855,0.000179533213644514
431,23.841463414634145,75.2439024390244,16.0169756097561,7.314613902439025,0.6242314634146341,153.8048780487805,0.0024390243902439363
432,24.0587715855573,66.0,36.039643642072214,7.28935092621664,21294.57148989011,146.06279434850865,0.00015698587127158776
433,23.582960433349033,68.95478097032502,35.326734338200666,7.284537804992935,388100463.9434413,137.44700894959962,4.710315591144672e-05
434,23.55756477483035,68.60363972856261,34.90894046884639,7.276888359037631,91992919.67563805,139.21622455274522,0.0
435,23.695675254813136,67.76953567383919,33.2820469988675,7.267737352774632,60221544.451564535,132.81257078142696,5.6625141562852695e-05
436,23.86988689639006,56.715658696671355,39.42742428504454,7.256109561650257,12831186.599873597,138.06821378340365,2.344116268166934e-05
437,23.612814139740404,59.856117094725214,38.250910245788454,7.2492572493786245,5765.868470900304,146.8942281137807,2.761668047500729e-05
438,23.54687939769209,53.591331269349844,35.54104953560372,7.244206602870813,3935.4294730059105,141.33577258654657,2.814522938361987e-05
439,23.76453777335984,-4.173956262425447,40.87151192842943,7.149993976143141,7396.932433737575,161.0337972166998,9.940357852882842e-05
440,24.290956439393938,-55.96117424242424,40.4462206439394,7.1262566761363635,2229582.3575239396,179.15625,9.46969696969643e-05
441,23.945984315846403,-54.70632774472688,37.10415143320714,7.138251654948621,575268987.3551693,179.37425635478638,5.40832882639272e-05
442,24.27403846153846,-56.0,26.35842307692308,6.331875,1437225.3752629308,396.5769230769231,0.17197802192307693
443,23.989583333333332,-56.0,39.374,5.8020825,0.46280208333333334,501.7083333333333,0.18630952375
444,24.15,-56.0,37.1025,4.942799,0.452333,534.3,0.44714285700000006
445,24.446687620889747,-56.0,42.261,4.042982108317215,0.5994817794970986,524.7369439071567,0.008648798027079307
446,24.333333333333332,-56.0,42.261,4.039946666666667,0.68231,503.22222222222223,0.4968253966666667
447,24.5703125,-56.0,36.581,4.045115,0.74236125,553.5,0.5589285712500001
448,23.3125,-56.0,31.481,3.90326,0.7003900000000001,572.5,2.2357142850000002
449,24.068181818181817,-56.0,24.247545454545456,3.8892272727272728,0.6865818181818182,549.7272727272727,0.4064935063636364
450,23.4375,-56.0,26.070555555555554,3.7292466666666666,0.7479555555555556,560.8888888888889,0.4968253966666667
451,23.078125,-56.083333333333336,40.42658333333333,4.067436666666667,0.7113158333333334,1185.9166666666667,0.3726190475
452,23.729166666666668,-56.0,39.732,3.8745111111111115,0.64527,634.4444444444445,0.4968253977777771
453,23.42361111111111,-56.0,24.879555555555555,3.860892222222222,0.6219022222222222,626.0,0.4968254011111115
454,22.515625,-56.0,17.207,3.9276625,0.66622375,720.5,0.5589285625000002
455,22.96527777777778,-56.0,17.02733333333333,3.7736344444444447,0.6217422222222222,725.5555555555555,0.49682539999999953
456,23.916666666666668,-56.0,12.086666666666666,3.5930655555555555,0.6452433333333333,753.6666666666666,0.5809523777777785
457,24.04375,-56.0,13.5215,3.617725,0.59189,786.8,0.0
458,24.229166666666668,-56.0,12.772777777777778,3.698983333333333,0.5750444444444445,764.1111111111111,0.5809523888888874
459,23.1875,-56.0,10.358,3.74381125,13.481925,752.75,1.30714285
460,23.680555555555557,-56.0,7.981222222222223,3.92142,0.5619777777777778,846.7777777777778,0.580952377777777
461,23.328125,-56.0,8.8975,3.80339,0.5377412500000001,1037.75,0.6535714249999991
462,23.368055555555557,-56.0,11.007444444444443,3.83063,0.7120911111111111,1040.5555555555557,0.5809523888888906
463,24.1953125,-56.125,12.83425,3.77899125,0.56046,1049.0,0.6535714249999991
464,24.296875,-56.0,14.184750000000001,3.7109025,0.46380125,1224.25,0.2714285750000016
465,24.577473958333332,-56.0,5.264489583333334,3.7417784375000003,0.6758247916666668,1355.6354166666667,0.0226190468749999
466,24.337638376383765,-56.0,6.15350553505535,3.6064855350553504,0.6108873800738007,1306.90036900369,0.008012651660516653
467,24.923344947735192,-56.02090592334495,8.076679442508711,3.9046366202090588,8.752875121951218,1401.878048780488,0.007565953310104475
468,23.51632085020243,-56.008097165991906,8.808708502024292,3.8308952226720647,0.45989997975708496,1411.2226720647773,0.004395604453441322
469,22.965448239060834,-56.021344717182494,10.264945570971186,3.8976301387406616,0.19584808964781217,1379.3020277481323,0.00231742646744929
470,24.306296296296296,-10.0,3.4540814814814818,3.647568985185185,0.8631459777777777,1124.122962962963,0.006867724888888894
471,23.979682117131226,-10.0,5.12777325399311,3.7165611619166925,1.1212564829314124,1017.7745067334795,0.002903673191356095
472,24.49306981519507,-10.0,4.693794661190965,3.731613822724161,1.158937553045859,993.1728268309378,0.003172973511293628
473,24.47707528957529,-10.0,7.610511056511057,3.8345337943137943,0.5777506563706564,1183.058266058266,0.003254274692874686
474,24.89580223880597,-10.0,7.020802985074627,3.7203118208955224,0.454372552238806,1231.2671641791044,0.013837952985074644
475,25.05546780986763,-10.0,4.808300240673886,3.758219500601685,0.5095495006016847,1120.6841155234656,0.0055784768953068805
476,24.67474874371859,-10.0,8.099828475711893,3.773045162479062,0.5890334673366835,1141.0566164154104,0.0031060062311557726
477,24.057858376511227,-10.0,5.998200345423143,3.8242406260794475,0.5909598445595855,1026.9706390328151,0.004003207512953359
478,24.256573083778967,-10.0,6.2422450980392155,3.7860601604278075,0.60962188057041,942.6016042780749,0.008263305258467033
479,24.09458474987858,-10.0,6.985715881495872,3.8454285478387566,0.5922476784847013,931.6075764934434,0.004502879358912084
480,23.128683536194746,-10.0,7.750092248558617,3.8825339205637412,0.7705438052530429,859.5304292120436,0.002846160858424104
481,22.927523970671178,-10.0,7.678429216018048,3.936209365482233,0.5501636632825719,996.86491821771,0.0012529208121827388
482,23.980321067821066,-10.0,3.808234632034632,3.8978203001443004,0.6371548513708514,970.7673881673882,0.0012822098412698488
483,24.504589495155532,-10.0,7.230913309535951,3.8323996379398264,0.6818574859765426,1217.179500254972,0.002265607955124932
484,24.130881519274375,-10.0,6.028730536659109,5.012901693121694,0.04196300831443689,1044.1636432350717,0.00167908431594859
485,24.17147305022458,-10.0,3.719088607594937,5.200751870151082,0.008252858309514088,1084.5144957125358,0.0018141515720702295
486,24.282665887167497,-9.992107570885706,4.438201695410698,5.045777418883367,0.2577497339959076,1238.402513884829,0.001298701286173641
487,24.640760146373918,-9.99966733200266,4.612900199600799,5.247175552228875,0.08666492681304058,1146.1200931470391,0.0014779963739188376
488,25.413222111553786,-9.861553784860558,3.9082529880478085,5.345680059760956,0.00893175298804781,1214.5438247011953,0.0044251565737051714
489,25.409386510128915,-9.96915285451197,3.838109576427256,5.334364576427256,0.005234682320441989,1153.085635359116,0.002045514318600354
490,25.43205770559779,-9.829302004146511,4.136274591108039,5.162243906933886,0.11117708822851877,1121.003685786685,0.001023463994471318
491,25.36405109489051,-9.99051094890511,4.664140145985401,4.649610883211679,0.6937045547445255,1091.2452554744525,0.003242961386861333
492,24.560745477230192,-9.980661260137243,4.553124766063631,5.392478665003119,0.07968490954460387,1067.8845913911416,0.0027715890205863955
493,25.025023881004365,-10.0,6.505833515283843,4.699126763100437,0.281382491812227,1331.2213427947597,0.001212570169213981
494,25.086770304568528,-10.0,7.105289340101523,4.143177652284264,1.2657778299492386,1403.0761421319796,0.0074873096446700215
495,24.509669117647057,-10.0,6.742609411764706,4.1120483941176476,1.6239988352941177,1330.060588235294,0.0034705882352941042
496,25.11315717415115,-9.97973713033954,10.649318181818181,9.386349934282585,14.534486254107339,1159.8253012048192,0.0032311062431544546
497,25.692788784419072,-10.0,12.048344190732035,7.012457941571525,3.190378888515782,1047.9550033579583,0.001981195433176621
498,26.360654555940023,90.85870818915802,23.521842560553633,7.317772670126874,4.776517952710496,310.6649365628604,5.7670126874278893e-05
499,25.692593740316084,95.98822435698791,18.87571986365045,7.156266064456151,8.113214840409048,289.0771614502634,0.00027889680818097315
500,24.88571611909651,99.55030800821355,12.399610882956878,7.252117248459959,11.96591455852156,278.54620123203284,0.0009240246406570837
501,24.407103321033212,94.43542435424354,13.605114391143912,7.380465808118081,48.97941123247232,267.71955719557195,0.000664206642066421
502,23.938222399362296,97.93583100836987,10.453019529693105,7.411604344360303,51.1453914348346,264.5882821841371,0.0003587086488640894
503,23.85963191330344,97.27877428998505,17.023528400597908,7.443332391629297,35.80716425261584,274.9073243647235,0.0006726457399103135
504,24.412921348314608,99.1685393258427,18.566308988764046,7.534039438202248,51.39776516853933,246.03370786516854,0.005056179775280901
505,24.15549924924925,94.26651651651652,15.4950990990991,7.6425418318318314,40.021545960960964,252.64114114114113,0.0006756756756756759
506,24.06648785996612,97.2919254658385,14.970626764539809,7.60105581027668,35.35231683794466,253.18407679277246,0.0005081874647092041
507,24.502416816546763,96.71717625899281,12.657428507194243,7.554194262589928,46.77756103417266,250.875,0.0004046762589928059
508,24.707710494203784,96.84716290420988,13.665485967053081,7.55625514338011,29.658922345942646,259.8093349603417,0.0010677242220866383
509,23.960645472061657,99.5942196531792,9.821635067437379,7.59738089788054,44.11731724084778,249.26782273603084,0.0007244701348747588
510,24.607517482517483,94.32711732711732,13.21199456099456,7.670141212121213,30.46334334887335,261.26573426573424,0.00146076146076146
511,24.923710835509137,96.5182767624021,13.595424281984334,7.743232898172323,19.787019725848566,267.84856396866843,0.002454308093994777
512,24.30977668845316,98.2276688453159,10.309805010893246,7.780222614379086,13.144128932461873,280.437908496732,0.0020479302832244
513,24.034101208459216,97.81752265861027,12.811660422960724,7.774683776435046,14.095694725075528,283.6894259818731,0.0011359516616314214
514,24.33294470353098,98.16189207195204,12.233700866089274,7.75857802131912,10.6394408994004,281.35842771485676,0.0012524983344437035
515,23.74021207177814,99.60114192495922,12.05076590538336,7.778932389885808,16.61598686786297,272.026101141925,0.001533442088091353
516,23.660889570552147,97.45889570552147,15.596557055214724,7.80415291411043,18.81793952760736,283.59447852760735,0.0011533742331288359
517,24.54327547047372,97.40168721609345,12.006611940298507,7.8151073134328355,10.868964438676183,293.4879948085659,0.001219987021414663
518,24.045433579335793,99.69741697416974,11.603098708487085,7.813750138376383,10.423265350553505,295.01476014760146,0.0017343173431734339
519,23.162531407035175,99.88442211055276,11.395293969849247,7.80507824120603,156.25807718592964,269.5854271356784,0.00939698492462312
520,23.45167286245353,97.5278810408922,11.833265799256505,7.743798949814127,50.91569808550186,279.73977695167287,0.0011988847583643116
521,23.947059768637533,98.2892030848329,10.063192802056555,7.630095398457583,29.841987197943446,292.31748071979433,0.002416452442159386
522,23.939841498559076,97.60634005763688,5.751462247838617,7.4871898328530255,45.693277100864556,296.6478386167147,0.0007435158501440918
523,24.316145047762696,98.84263448969331,6.2922071392659635,7.462364927099045,55.58276867269985,332.166918049271,0.000648567119155354
524,23.97962376390606,99.25556242274413,10.443685105067985,7.340838294190359,12.31664564894932,455.05222496909767,0.0003986402966625461
525,23.60694834855938,99.71855235418131,9.798735066760365,7.2055546943078,9.798259125087842,492.51581166549545,0.00010189739985945154
526,23.472209266169155,99.87810945273633,9.63594527363184,6.858262487562189,3.129422842039801,627.8905472636816,0.0014241293532338303
527,23.462674961119752,99.67807153965785,8.107814411612235,6.417833888024884,2.800306293416278,621.9331259720062,0.0006687402799377912
528,23.65881818181818,99.552,9.993511999999999,6.477507214545454,3.6400150472727275,741.1243636363637,0.0009381818181818176
529,23.466574367088608,99.54430379746836,12.378398734177216,6.5989100632911395,1.0356906962025316,834.1360759493671,0.004082278481012678
530,23.129807692307693,98.44615384615385,16.166958974358973,6.6639282051282045,0.6341633846153847,920.276923076923,0.006615384615384611
531,23.476293103448278,98.5632183908046,36.62137931034483,6.713189310344827,0.3161374712643678,1247.2643678160919,0.014827586206896542
532,23.651676829268293,98.0609756097561,40.98718292682927,6.7452430487804875,0.5925089024390243,1123.439024390244,0.01573170731707316
533,24.057924292845257,98.57903494176372,12.477876039933443,6.774499226289517,0.1659911231281198,1514.1322795341098,0.0006156405990016655
534,23.649248927038627,99.80944206008584,9.133408583690988,6.650053287553648,0.005478858369098712,1533.1982832618025,0.0035450643776824002
535,24.45923913043478,98.73913043478261,0.6584782608695652,7.081474782608695,0.00031,1730.6521739130435,0.17956521739130418
536,23.618852459016395,100.0,3.568737704918033,6.959064590163934,0.00021344262295081967,1778.7868852459017,0.06770491803278683
537,23.496794871794872,100.0,4.521179487179487,6.955060256410256,0.00022641025641025644,1845.5128205128206,0.0529487179487179
538,24.086766759776538,99.18156424581005,2.7687597765363128,6.886170977653631,0.000507122905027933,1871.9581005586592,0.017122905027932987
539,23.663385826771652,100.0,1.269976377952756,6.824424488188976,0.00034535433070866144,2007.6771653543308,0.03251968503937005
540,23.028846153846153,100.0,6.778410256410257,6.789894358974359,0.000548974358974359,1508.4358974358975,0.08025641025641014
541,23.157327586206897,100.0,12.933632183908045,6.7592070114942535,0.0004089655172413793,1815.7586206896551,0.0474712643678162
542,23.379941860465117,100.0,2.1308558139534886,6.7500956744186045,0.00043688372093023256,1536.4325581395349,0.014930232558139505
543,23.848484848484848,100.0,6.326787878787878,6.748543636363636,0.0005766666666666667,1534.3030303030303,0.019999999999999896
544,23.94394841269841,98.83829365079364,5.755036706349206,6.799201636904762,0.0004625198412698412,1549.4275793650793,0.0003273809523809507
545,23.693397266313934,96.57098765432099,15.70335008818342,6.813733452380952,0.00036684744268077605,1631.734126984127,0.00029100529100529576
546,23.135570531757754,96.31683899556869,15.301977104874446,6.761316078286559,0.0003051477104874446,1700.417282127031,0.00048744460856720576
547,23.8125,93.5,17.398285714285713,6.451519285714285,0.00018071428571428573,1776.4285714285713,0.047142857142856896
548,24.5947265625,100.0,0.47775,5.35213,0.00094609375,1454.75,0.0
549,24.107361963190183,100.0,0.49829447852760733,5.3177075460122705,0.0010124539877300613,1436.3067484662577,0.023190184049079673
550,24.03787878787879,100.0,0.5368666666666666,5.256542666666667,0.0010349090909090909,1402.8484848484848,0.022909090909090917
551,24.16015625,100.0,0.6201116071428572,5.218945491071429,0.0012201339285714285,1399.9642857142858,0.0
552,24.485849056603772,96.9245283018868,2.023745283018868,5.280815660377358,0.004888301886792452,1480.188679245283,0.03566037735849058
553,23.483156028368793,100.0,1.4649078014184396,5.141920283687943,0.0030973758865248226,1504.2482269503546,0.02680851063829788
554,23.126602564102566,100.0,1.885901098901099,5.139041062271063,0.004055238095238095,1459.03663003663,0.01384615384615385
555,25.219092331768387,99.98591549295774,3.7650798122065727,4.773239045383411,0.000841205007824726,1882.435054773083,0.00796557120500783
556,25.08806197315017,100.0,6.2469029035279435,3.7174352294723696,0.0010701842023103341,1880.4904776771778,0.0015891351857633392
557,25.503379520108144,100.0,5.945353497803311,3.607301919567422,0.001043038188577222,2069.1061169313957,0.0017201757350456246
558,25.750722117425134,100.0,6.548321386465457,4.240809518981372,0.000697967460504598,2197.1459561424194,0.0012001886347559546
559,25.497450575575577,100.0,6.973182682682682,4.8557442967967965,0.0009726426426426427,1968.7672672672672,0.0012737737737737746
560,25.789083167989418,100.0,5.323603174603174,3.249012552910053,0.001089510582010582,1808.3968253968253,0.0016832010582010593
561,25.779794631306597,100.0,4.877533311772316,0.7369145698576973,0.0008354851228978008,1896.320827943079,0.001646183699870635
562,25.09837315709202,100.0,3.457625317742756,0.02998243518047789,0.001218459583121505,1681.7742755465176,0.00258769700050839
563,25.105510752688172,100.0,2.2333870967741936,2.112710107526882,0.0012688172043010752,1461.3440860215053,0.05473118279569896
564,25.075787401574804,100.0,1.6824015748031496,1.8434870078740158,0.0011159055118110236,1415.763779527559,0.040393700787401544
565,24.44281914893617,100.0,2.00709219858156,1.2018602836879433,0.0013426950354609927,1399.8936170212767,0.01773049645390071
566,24.014673913043477,100.0,2.2916956521739134,1.2003051304347825,0.0010655652173913043,1830.2260869565218,0.021739130434782365
567,24.98300438596491,100.0,2.1735438596491226,1.6559462280701756,0.0010007894736842105,1946.4035087719299,0.021929824561403508
568,25.456967213114755,100.0,1.8423442622950819,4.759432786885246,0.0007831147540983607,2258.754098360656,0.040983606557377046
569,25.421875,100.0,1.3169117647058823,7.042700294117647,0.0008410294117647059,2333.735294117647,0.03676470588235294
570,25.196202531645568,100.0,1.540620253164557,6.268090632911392,0.001151898734177215,2232.1645569620255,0.03164556962025317
571,25.43667763157895,100.0,1.7786842105263159,5.003840921052631,0.0009997368421052633,2276.934210526316,0.03289473684210526
572,25.644345238095237,100.0,1.969952380952381,4.054791904761904,0.0014288095238095238,2229.5238095238096,0.05952380952380952
573,26.128676470588236,100.0,1.6455882352941178,3.1481082352941177,0.0011476470588235293,2095.470588235294,0.14705882352941177
574,26.2347972972973,100.0,1.5587027027027027,2.902860810810811,0.0009281081081081082,2099.810810810811,0.06756756756756757
575,27.66015625,100.0,3.18815625,4.288405,0.00188671875,1868.765625,0.14343750000000013
576,26.98829908675799,98.25114155251141,2.3763835616438356,4.572737808219178,0.09888141552511416,1844.2739726027398,0.04191780821917812
