Datetime,Temperature,Turbidity,Dissolved Oxygen,PH,Ammonia,Nitrate
2021-06-19 00:00:00,24.875,100.0,4.505,8.43365,0.38,193.0
2021-06-19 00:01:00,24.875,100.0,4.505,8.43365,0.38,193.0
2021-06-19 00:02:00,24.9375,100.0,5.046,8.43365,0.38,193.0
2021-06-19 00:03:00,24.875,100.0,2.831,8.43818,0.38,194.0
2021-06-19 00:04:00,24.875,100.0,17.005,8.43365,0.38,192.0
2021-06-19 00:05:00,24.875,100.0,6.964,8.48358,0.38,191.0
2021-06-19 00:06:00,24.9375,100.0,4.319,8.42911,0.38,191.0
2021-06-19 00:07:00,24.875,100.0,22.618,8.42911,0.38,191.0
2021-06-19 00:08:00,24.875,100.0,23.928,8.43365,0.38,191.0
2021-06-19 00:09:00,24.875,100.0,3.465,8.42003,0.38,204.0
2021-06-19 00:10:00,24.875,100.0,5.612,8.42911,0.38,191.0
2021-06-19 00:11:00,24.9375,100.0,4.648,8.42911,0.38,189.0
2021-06-19 00:12:00,24.875,100.0,5.138,8.43818,0.38,189.0
2021-06-19 00:13:00,24.875,100.0,6.711,8.42003,0.38,190.0
2021-06-19 00:14:00,24.875,100.0,5.113,8.42911,0.38,190.0
2021-06-19 00:15:00,24.875,100.0,4.961,8.42911,0.38,191.0
2021-06-19 00:16:00,24.875,100.0,4.961,8.42911,0.38,191.0
2021-06-19 00:17:00,24.875,100.0,6.939,8.43365,0.38,189.0
2021-06-19 00:18:00,24.875,100.0,38.609,8.42911,0.38,190.0
2021-06-19 00:19:00,24.875,100.0,11.004,8.44726,0.38,191.0
2021-06-19 00:20:00,24.875,100.0,10.108,8.42457,0.38,191.0
2021-06-19 00:21:00,24.875,100.0,0.008,8.42911,0.38,191.0
2021-06-19 00:22:00,24.875,100.0,38.584,8.42003,0.38,183.0
2021-06-19 00:23:00,24.875,100.0,6.694,8.42911,0.38,189.0
2021-06-19 00:24:00,24.8125,100.0,3.981,8.42911,0.38,190.0
2021-06-19 00:25:00,24.8125,100.0,7.649,8.42003,0.38,190.0
2021-06-19 00:26:00,24.8125,100.0,5.722,8.43365,0.38,190.0
2021-06-19 00:27:00,24.875,100.0,4.496,8.42911,0.38,190.0
2021-06-19 00:28:00,24.875,100.0,38.449,8.43365,0.38,191.0
2021-06-19 00:29:00,24.875,100.0,32.667,8.43365,0.38,189.0
2021-06-19 00:30:00,24.8125,100.0,30.039,8.43365,0.38,189.0
2021-06-19 00:31:00,24.875,100.0,4.648,8.43818,0.38,187.0
2021-06-19 00:32:00,24.8125,100.0,7.742,8.42457,0.38,185.0
2021-06-19 00:33:00,24.875,100.0,6.668,8.44726,0.38,187.0
2021-06-19 00:34:00,24.8125,100.0,6.229,8.43818,0.38,189.0
2021-06-19 00:35:00,24.8125,100.0,15.797,8.42911,0.38,182.0
2021-06-19 00:36:00,24.875,100.0,37.713,8.43365,0.38,187.0
2021-06-19 00:37:00,24.8125,100.0,4.099,8.43818,0.38,189.0
2021-06-19 00:38:00,24.875,100.0,31.856,8.42911,0.38,189.0
2021-06-19 00:39:00,24.8125,100.0,32.194,8.42003,0.38,192.0
2021-06-19 00:40:00,24.8125,100.0,13.963,8.42911,0.38,191.0
2021-06-19 00:41:00,24.8125,100.0,2.299,8.44726,0.38,193.0
2021-06-19 00:42:00,24.8125,100.0,5.629,8.41549,0.38,187.0
2021-06-19 00:43:00,24.8125,100.0,14.825,8.43365,0.38,190.0
2021-06-19 00:44:00,24.8125,100.0,6.06,8.42003,0.38,192.0
2021-06-19 00:45:00,24.8125,100.0,4.488,8.44272,0.38,187.0
2021-06-19 00:46:00,24.8125,100.0,6.474,8.42911,0.38,192.0
2021-06-19 00:47:00,24.8125,100.0,5.02,8.42911,0.38,192.0
2021-06-19 00:48:00,24.8125,100.0,5.865,8.43818,0.38,189.0
2021-06-19 00:49:00,24.8125,100.0,24.925,8.42911,0.38,188.0
2021-06-19 00:50:00,24.8125,100.0,5.637,8.42911,0.38,187.0
2021-06-19 00:51:00,24.8125,100.0,4.623,8.42911,0.38,190.0
2021-06-19 00:52:00,24.8125,100.0,1.462,8.43365,0.38,188.0
2021-06-19 00:53:00,24.8125,100.0,6.212,8.42911,0.38,190.0
2021-06-19 00:54:00,24.8125,100.0,4.986,8.42911,0.38,189.0
2021-06-19 00:55:00,24.8125,100.0,1.555,8.42911,0.38,188.0
2021-06-19 00:56:00,24.75,100.0,6.88,8.42911,0.38,188.0
2021-06-19 00:57:00,24.8125,100.0,17.665,8.43365,0.38,191.0
2021-06-19 00:58:00,24.8125,100.0,2.476,8.44726,0.38,189.0
2021-06-19 00:59:00,24.8125,100.0,6.558,8.43365,0.38,192.0
2021-06-19 01:00:00,24.75,100.0,4.04,8.48358,0.38,193.0
2021-06-19 01:01:00,24.8125,100.0,6.009,8.42457,0.38,193.0
2021-06-19 01:02:00,24.8125,100.0,31.814,8.43365,0.38,193.0
2021-06-19 01:03:00,24.8125,100.0,5.333,8.43818,0.38,192.0
2021-06-19 01:04:00,24.8125,100.0,7.581,8.42911,0.38,194.0
2021-06-19 01:05:00,24.8125,100.0,4.826,8.43365,0.38,194.0
2021-06-19 01:06:00,24.75,100.0,3.347,8.42911,0.38,196.0
2021-06-19 01:07:00,24.75,100.0,38.533,8.42911,0.38,196.0
2021-06-19 01:08:00,24.8125,100.0,4.031,8.42911,0.38,198.0
2021-06-19 01:09:00,24.75,100.0,5.772,8.42457,0.38,197.0
2021-06-19 01:10:00,24.75,100.0,3.364,8.42457,0.38,197.0
2021-06-19 01:11:00,24.75,100.0,4.226,8.43365,0.38,197.0
2021-06-19 01:12:00,24.75,100.0,21.308,8.42911,0.38,192.0
2021-06-19 01:13:00,24.75,100.0,26.641,8.44726,0.38,195.0
2021-06-19 01:14:00,24.8125,100.0,5.967,8.42003,0.38,196.0
2021-06-19 01:15:00,24.75,100.0,0.067,8.48358,0.38,193.0
2021-06-19 01:16:00,24.75,100.0,3.718,8.43365,0.38,193.0
2021-06-19 01:17:00,24.75,100.0,17.842,8.42911,0.38,192.0
2021-06-19 01:18:00,24.75,100.0,32.667,8.44726,0.38,192.0
2021-06-19 01:19:00,24.75,100.0,14.58,8.44726,0.38,194.0
2021-06-19 01:20:00,24.8125,100.0,14.182,8.43818,0.38,191.0
2021-06-19 01:21:00,24.75,100.0,5.958,8.42911,0.38,194.0
2021-06-19 01:22:00,24.75,100.0,5.493,8.43818,0.38,196.0
2021-06-19 01:23:00,24.75,100.0,5.434,8.43365,0.38,193.0
2021-06-19 01:24:00,24.75,100.0,3.702,8.43818,0.38,195.0
2021-06-19 01:25:00,24.75,100.0,4.707,8.43365,0.38,195.0
2021-06-19 01:26:00,24.75,100.0,4.378,8.42911,0.38,194.0
2021-06-19 01:27:00,24.75,100.0,5.113,8.42911,0.38,178.0
2021-06-19 01:28:00,24.75,100.0,38.111,8.48812,0.38,193.0
2021-06-19 01:29:00,24.75,100.0,38.111,8.48812,0.38,193.0
2021-06-19 01:30:00,24.75,100.0,38.153,8.42911,0.38,195.0
2021-06-19 01:31:00,24.75,100.0,38.466,8.42911,0.38,195.0
2021-06-19 01:32:00,24.75,100.0,5.02,8.43365,0.38,194.0
2021-06-19 01:33:00,24.8125,100.0,4.961,8.43818,0.38,192.0
2021-06-19 01:34:00,24.6875,100.0,4.378,8.44726,0.38,193.0
2021-06-19 01:35:00,24.6875,100.0,15.053,8.42911,0.38,192.0
2021-06-19 01:36:00,24.6875,100.0,33.403,8.44272,0.38,196.0
2021-06-19 01:37:00,24.6875,100.0,22.846,8.43365,0.38,196.0
2021-06-19 01:38:00,24.6875,100.0,6.119,8.43818,0.38,195.0
2021-06-19 01:39:00,24.6875,100.0,37.342,8.42911,0.38,198.0
2021-06-19 01:40:00,24.6875,100.0,5.248,8.42911,0.38,196.0
2021-06-19 01:41:00,24.6875,100.0,8.249,8.42911,0.38,202.0
2021-06-19 01:42:00,24.6875,100.0,5.35,8.42911,0.38,202.0
2021-06-19 01:43:00,24.6875,100.0,15.138,8.42911,0.38,204.0
2021-06-19 01:44:00,24.6875,100.0,6.322,8.43365,0.38,203.0
2021-06-19 01:45:00,24.75,100.0,6.795,8.42457,0.38,186.0
2021-06-19 01:46:00,24.6875,100.0,4.141,8.42911,0.38,201.0
2021-06-19 01:47:00,24.6875,100.0,6.305,8.42911,0.38,202.0
2021-06-19 01:48:00,24.6875,100.0,37.629,8.42911,0.38,198.0
2021-06-19 01:49:00,24.6875,100.0,5.375,8.43818,0.38,201.0
2021-06-19 01:50:00,24.6875,100.0,5.113,8.43365,0.38,198.0
2021-06-19 01:51:00,24.75,100.0,3.287,8.42457,0.38,198.0
2021-06-19 01:52:00,24.75,100.0,6.271,8.42457,0.38,198.0
2021-06-19 01:53:00,24.6875,100.0,6.026,8.43818,0.38,199.0
2021-06-19 01:54:00,24.75,100.0,3.989,8.42911,0.38,199.0
2021-06-19 01:55:00,24.6875,100.0,4.04,8.42003,0.38,203.0
2021-06-19 01:56:00,24.6875,100.0,6.711,8.42911,0.38,201.0
2021-06-19 01:57:00,24.6875,100.0,2.831,8.44726,0.38,202.0
2021-06-19 01:58:00,24.6875,100.0,5.603,8.42003,0.38,199.0
2021-06-19 01:59:00,24.6875,100.0,3.735,8.42457,0.38,196.0
2021-06-19 02:00:00,24.6875,100.0,3.735,8.42457,0.38,196.0
2021-06-19 02:01:00,24.6875,100.0,6.465,8.4518,0.38,202.0
2021-06-19 02:02:00,24.6875,100.0,31.67,8.43365,0.38,199.0
2021-06-19 02:03:00,24.6875,100.0,21.46,8.43365,0.38,192.0
2021-06-19 02:04:00,24.6875,100.0,27.841,8.42911,0.38,197.0
2021-06-19 02:05:00,24.6875,100.0,3.795,8.42003,0.38,198.0
2021-06-19 02:06:00,24.6875,100.0,7.919,8.43818,0.38,193.0
2021-06-19 02:07:00,24.6875,100.0,4.141,8.42457,0.38,195.0
2021-06-19 02:08:00,24.6875,100.0,6.094,8.40641,0.38,195.0
2021-06-19 02:09:00,24.6875,100.0,5.908,8.42911,0.38,196.0
2021-06-19 02:10:00,24.6875,100.0,26.058,8.42911,0.38,194.0
2021-06-19 02:11:00,24.6875,100.0,35.305,8.41549,0.38,193.0
2021-06-19 02:12:00,24.6875,100.0,12.45,8.44726,0.38,193.0
2021-06-19 02:13:00,24.6875,100.0,4.031,8.42003,0.38,192.0
2021-06-19 02:14:00,24.6875,100.0,2.713,8.43365,0.38,194.0
2021-06-19 02:15:00,24.6875,100.0,7.099,8.42911,0.38,193.0
2021-06-19 02:16:00,24.625,100.0,4.073,8.43365,0.38,192.0
2021-06-19 02:17:00,24.6875,100.0,3.761,8.40641,0.38,193.0
2021-06-19 02:18:00,24.6875,100.0,7.497,8.43365,0.38,193.0
2021-06-19 02:19:00,24.6875,100.0,7.497,8.43365,0.38,193.0
2021-06-19 02:20:00,24.6875,100.0,5.257,8.42003,0.38,193.0
2021-06-19 02:21:00,24.6875,100.0,27.537,8.42911,0.38,194.0
2021-06-19 02:22:00,24.6875,100.0,5.062,8.43818,0.38,186.0
2021-06-19 02:23:00,24.625,100.0,38.322,8.43365,0.38,191.0
2021-06-19 02:24:00,24.625,100.0,6.102,8.42911,0.38,192.0
2021-06-19 02:25:00,24.625,100.0,11.317,8.42003,0.38,193.0
2021-06-19 02:26:00,24.6875,100.0,4.986,8.42911,0.38,192.0
2021-06-19 02:27:00,24.625,100.0,4.403,8.43365,0.38,192.0
2021-06-19 02:28:00,24.625,100.0,5.113,8.42911,0.38,190.0
2021-06-19 02:29:00,24.625,100.0,6.761,8.42911,0.38,193.0
2021-06-19 02:30:00,24.625,100.0,3.389,8.43365,0.38,192.0
2021-06-19 02:31:00,24.625,100.0,5.823,8.42911,0.38,193.0
2021-06-19 02:32:00,24.6875,100.0,9.72,8.43365,0.38,192.0
2021-06-19 02:33:00,24.6875,100.0,9.72,8.43365,0.38,192.0
2021-06-19 02:34:00,24.6875,100.0,21.299,8.42911,0.38,192.0
2021-06-19 02:35:00,24.625,100.0,2.366,8.42003,0.38,186.0
2021-06-19 02:36:00,24.625,100.0,1.851,8.43365,0.38,191.0
2021-06-19 02:37:00,24.625,100.0,28.72,8.42457,0.38,191.0
2021-06-19 02:38:00,24.625,100.0,4.226,8.43365,0.38,191.0
2021-06-19 02:39:00,24.625,100.0,5.231,8.43365,0.38,194.0
2021-06-19 02:40:00,24.625,100.0,7.488,8.55167,0.38,193.0
2021-06-19 02:41:00,24.625,100.0,3.423,8.43365,0.38,192.0
2021-06-19 02:42:00,24.625,100.0,3.33,8.43365,0.38,188.0
2021-06-19 02:43:00,24.625,100.0,8.688,8.43365,0.38,192.0
2021-06-19 02:44:00,24.625,100.0,32.473,8.42911,0.38,192.0
2021-06-19 02:45:00,24.625,100.0,5.477,8.41549,0.38,193.0
2021-06-19 02:46:00,24.625,100.0,38.652,8.43365,0.38,192.0
2021-06-19 02:47:00,24.625,100.0,3.465,8.42911,0.38,192.0
2021-06-19 02:48:00,24.625,100.0,12.289,8.42911,0.38,192.0
2021-06-19 02:49:00,24.625,100.0,8.748,8.43365,0.38,192.0
2021-06-19 02:50:00,24.625,100.0,4.606,8.43818,0.38,194.0
2021-06-19 02:51:00,24.625,100.0,9.407,8.43365,0.38,191.0
2021-06-19 02:52:00,24.625,100.0,4.589,8.43818,0.38,192.0
2021-06-19 02:53:00,24.625,100.0,4.623,8.43818,0.38,191.0
2021-06-19 02:54:00,24.625,100.0,5.257,8.42457,0.38,191.0
2021-06-19 02:55:00,24.625,100.0,5.637,8.42911,0.38,189.0
2021-06-19 02:56:00,24.625,100.0,6.102,8.43365,0.38,191.0
2021-06-19 02:57:00,24.625,100.0,12.458,8.42457,0.38,192.0
2021-06-19 02:58:00,24.625,100.0,3.938,8.43818,0.38,193.0
2021-06-19 02:59:00,24.625,100.0,12.078,8.42911,0.38,194.0
2021-06-19 03:00:00,24.625,100.0,7.919,8.42911,0.38,193.0
2021-06-19 03:01:00,24.625,100.0,4.116,8.43818,0.38,192.0
2021-06-19 03:02:00,24.625,100.0,3.566,8.48358,0.38,192.0
2021-06-19 03:03:00,24.625,100.0,4.445,8.42911,0.38,189.0
2021-06-19 03:04:00,24.5625,100.0,3.093,8.42911,0.38,193.0
2021-06-19 03:05:00,24.5625,100.0,10.768,8.42457,0.38,190.0
2021-06-19 03:06:00,24.625,100.0,2.206,8.48358,0.38,191.0
2021-06-19 03:07:00,24.5625,100.0,3.803,8.42003,0.38,183.0
2021-06-19 03:08:00,24.5625,100.0,28.703,8.43365,0.38,194.0
2021-06-19 03:09:00,24.5625,100.0,3.761,8.43365,0.38,187.0
2021-06-19 03:10:00,24.5625,100.0,5.443,8.43365,0.38,192.0
2021-06-19 03:11:00,24.5625,100.0,7.522,8.42911,0.38,192.0
2021-06-19 03:12:00,24.5625,100.0,21.096,8.42457,0.38,192.0
2021-06-19 03:13:00,24.5625,100.0,8.993,8.42911,0.38,191.0
2021-06-19 03:14:00,24.5625,100.0,8.562,8.42911,0.38,191.0
2021-06-19 03:15:00,24.5625,100.0,7.987,8.42457,0.38,192.0
2021-06-19 03:16:00,24.5625,100.0,37.646,8.42003,0.38,192.0
2021-06-19 03:17:00,24.5625,100.0,5.586,8.42003,0.38,191.0
2021-06-19 03:18:00,24.5625,100.0,6.761,8.42911,0.38,191.0
2021-06-19 03:19:00,24.5625,100.0,38.609,8.43818,0.38,194.0
2021-06-19 03:20:00,24.5625,100.0,3.431,8.41549,0.38,192.0
2021-06-19 03:21:00,24.5625,100.0,13.371,8.42911,0.38,192.0
2021-06-19 03:22:00,24.5625,100.0,3.71,8.43365,0.38,193.0
2021-06-19 03:23:00,24.5625,100.0,4.986,8.42457,0.38,192.0
2021-06-19 03:24:00,24.5625,100.0,0.667,8.42003,0.38,193.0
2021-06-19 03:25:00,24.5625,100.0,11.233,8.42003,0.38,193.0
2021-06-19 03:26:00,24.5625,100.0,3.254,8.42911,0.38,193.0
2021-06-19 03:27:00,24.5625,100.0,27.52,8.42003,0.38,193.0
2021-06-19 03:28:00,24.5625,100.0,6.542,8.43365,0.38,192.0
2021-06-19 03:29:00,24.5625,100.0,2.73,8.42003,0.38,192.0
2021-06-19 03:30:00,24.5625,100.0,18.434,8.44726,0.38,192.0
2021-06-19 03:31:00,24.5625,100.0,9.517,8.42911,0.38,192.0
2021-06-19 03:32:00,24.5625,100.0,3.938,8.42911,0.38,190.0
2021-06-19 03:33:00,24.5,100.0,1.969,8.43818,0.38,192.0
2021-06-19 03:34:00,24.5625,100.0,12.061,8.43365,0.38,192.0
2021-06-19 03:35:00,24.5625,100.0,2.873,8.43365,0.38,192.0
2021-06-19 03:36:00,24.5625,100.0,33.935,8.42457,0.38,192.0
2021-06-19 03:37:00,24.5625,100.0,5.848,8.42911,0.38,192.0
2021-06-19 03:38:00,24.5,100.0,37.891,8.42003,0.38,194.0
2021-06-19 03:39:00,24.5625,100.0,3.135,8.42911,0.38,194.0
2021-06-19 03:40:00,24.5,100.0,4.843,8.42003,0.38,194.0
2021-06-19 03:41:00,24.5625,100.0,3.947,8.43818,0.38,198.0
2021-06-19 03:42:00,24.5625,100.0,36.894,8.42911,0.38,193.0
2021-06-19 03:43:00,24.5625,100.0,7.066,8.43365,0.38,192.0
2021-06-19 03:44:00,24.5,100.0,14.165,8.41549,0.38,193.0
2021-06-19 03:45:00,24.5625,100.0,4.302,8.43365,0.38,192.0
2021-06-19 03:46:00,24.5625,100.0,36.04,8.42911,0.38,187.0
2021-06-19 03:47:00,24.5625,100.0,4.006,8.42457,0.38,192.0
2021-06-19 03:48:00,24.5625,100.0,14.74,8.42911,0.38,192.0
2021-06-19 03:49:00,24.5625,100.0,4.86,8.42003,0.38,192.0
2021-06-19 03:50:00,24.5,100.0,7.108,8.42911,0.38,195.0
2021-06-19 03:51:00,24.5,100.0,6.753,8.43365,0.38,192.0
2021-06-19 03:52:00,24.5,100.0,36.911,8.42911,0.38,192.0
2021-06-19 03:53:00,24.5,100.0,2.789,8.43365,0.38,193.0
2021-06-19 03:54:00,24.5,100.0,10.683,8.42911,0.38,192.0
2021-06-19 03:55:00,24.5,100.0,14.825,8.43365,0.38,192.0
2021-06-19 03:56:00,24.5,100.0,3.702,8.42003,0.38,193.0
2021-06-19 03:57:00,24.5,100.0,4.91,8.42911,0.38,194.0
2021-06-19 03:58:00,24.5625,100.0,2.687,8.42911,0.38,192.0
2021-06-19 03:59:00,24.5,100.0,5.62,8.43365,0.38,192.0
2021-06-19 04:00:00,24.5625,100.0,3.025,8.42003,0.38,190.0
2021-06-19 04:01:00,24.5625,100.0,6.601,8.41549,0.38,192.0
2021-06-19 04:02:00,24.5625,100.0,31.028,8.42457,0.38,192.0
2021-06-19 04:03:00,24.5625,100.0,31.028,8.42457,0.38,192.0
2021-06-19 04:04:00,24.5,100.0,3.44,8.39279,0.38,193.0
2021-06-19 04:05:00,24.5,100.0,12.813,8.42457,0.38,192.0
2021-06-19 04:06:00,24.5,100.0,24.579,8.42003,0.38,192.0
2021-06-19 04:07:00,24.5,100.0,5.933,8.42003,0.38,192.0
2021-06-19 04:08:00,24.5,100.0,38.128,8.43365,0.38,192.0
2021-06-19 04:09:00,24.5,100.0,20.336,8.42911,0.38,193.0
2021-06-19 04:10:00,24.5,100.0,6.085,8.43365,0.38,190.0
2021-06-19 04:11:00,24.5,100.0,3.456,8.42911,0.38,191.0
2021-06-19 04:12:00,24.5,100.0,17.792,8.43365,0.38,192.0
2021-06-19 04:13:00,24.5,100.0,19.989,8.42003,0.38,192.0
2021-06-19 04:14:00,24.5,100.0,25.094,8.42911,0.38,192.0
2021-06-19 04:15:00,24.5,100.0,31.535,8.42003,0.38,191.0
2021-06-19 04:16:00,24.5,100.0,32.186,8.42911,0.38,192.0
2021-06-19 04:17:00,24.5,100.0,1.808,8.43365,0.38,190.0
2021-06-19 04:18:00,24.5,100.0,30.157,8.43365,0.38,192.0
2021-06-19 04:19:00,24.5,100.0,2.476,8.43365,0.38,194.0
2021-06-19 04:20:00,24.5,100.0,35.964,8.42911,0.38,193.0
2021-06-19 04:21:00,24.5,100.0,16.498,8.42457,0.38,193.0
2021-06-19 04:22:00,24.5,100.0,3.989,8.42457,0.38,192.0
2021-06-19 04:23:00,24.5,100.0,11.047,8.42911,0.38,196.0
2021-06-19 04:24:00,24.5,100.0,6.694,8.42457,0.38,192.0
2021-06-19 04:25:00,24.5,100.0,3.093,8.43818,0.38,195.0
2021-06-19 04:26:00,24.5,100.0,1.504,8.43365,0.38,191.0
2021-06-19 04:27:00,24.5,100.0,2.417,8.43818,0.38,209.0
2021-06-19 04:28:00,24.5,100.0,9.77,8.41549,0.38,191.0
2021-06-19 04:29:00,24.4375,100.0,12.365,8.42911,0.38,196.0
2021-06-19 04:30:00,24.4375,100.0,2.696,8.42911,0.38,193.0
2021-06-19 04:31:00,24.5,100.0,6.178,8.42911,0.38,194.0
2021-06-19 04:32:00,24.5,100.0,2.628,8.42003,0.38,195.0
2021-06-19 04:33:00,24.5,100.0,2.315,8.42457,0.38,194.0
2021-06-19 04:34:00,24.5,100.0,5.054,8.42911,0.38,193.0
2021-06-19 04:35:00,24.5,100.0,4.133,8.42911,0.38,194.0
2021-06-19 04:36:00,24.5,100.0,4.454,8.42457,0.38,191.0
2021-06-19 04:37:00,24.5,100.0,3.473,8.42911,0.38,193.0
2021-06-19 04:38:00,24.5,100.0,4.073,8.42457,0.38,194.0
2021-06-19 04:39:00,24.5,100.0,4.505,8.42911,0.38,199.0
2021-06-19 04:40:00,24.5,100.0,13.734,8.44726,0.38,194.0
2021-06-19 04:41:00,24.5,100.0,3.507,8.43365,0.38,194.0
2021-06-19 04:42:00,24.4375,100.0,26.734,8.43365,0.38,192.0
2021-06-19 04:43:00,24.5,100.0,30.199,8.43818,0.38,193.0
2021-06-19 04:44:00,24.5,100.0,3.321,8.42911,0.38,193.0
2021-06-19 04:45:00,24.4375,100.0,7.15,8.43365,0.38,192.0
2021-06-19 04:46:00,24.4375,100.0,4.217,8.42003,0.38,193.0
2021-06-19 04:47:00,24.5,100.0,4.268,8.42911,0.38,193.0
2021-06-19 04:48:00,24.4375,100.0,7.733,8.42911,0.38,194.0
2021-06-19 04:49:00,24.5,100.0,7.099,8.42911,0.38,195.0
2021-06-19 04:50:00,24.4375,100.0,17.166,8.42911,0.38,192.0
2021-06-19 04:51:00,24.5,100.0,2.992,8.42003,0.38,183.0
2021-06-19 04:52:00,24.5,100.0,2.916,8.43365,0.38,192.0
2021-06-19 04:53:00,24.4375,100.0,5.147,8.42911,0.38,192.0
2021-06-19 04:54:00,24.4375,100.0,29.658,8.42911,0.38,193.0
2021-06-19 04:55:00,24.4375,100.0,5.012,8.42003,0.38,192.0
2021-06-19 04:56:00,24.4375,100.0,25.593,8.42457,0.38,192.0
2021-06-19 04:57:00,24.5,100.0,29.997,8.48358,0.38,193.0
2021-06-19 04:58:00,24.5,100.0,29.405,8.41549,0.38,207.0
2021-06-19 04:59:00,24.4375,100.0,4.133,8.42911,0.38,194.0
2021-06-19 05:00:00,24.4375,100.0,16.076,8.42457,0.38,195.0
2021-06-19 05:01:00,24.4375,100.0,35.922,8.42003,0.38,194.0
2021-06-19 05:02:00,24.4375,100.0,38.407,8.42911,0.38,192.0
2021-06-19 05:03:00,24.4375,100.0,21.122,8.42911,0.38,195.0
2021-06-19 05:04:00,24.4375,100.0,3.44,8.43365,0.38,193.0
2021-06-19 05:05:00,24.4375,100.0,3.955,8.48812,0.38,194.0
2021-06-19 05:06:00,24.375,100.0,26.371,8.42911,0.38,192.0
2021-06-19 05:07:00,24.4375,100.0,26.59,8.42911,0.38,190.0
2021-06-19 05:08:00,24.4375,100.0,2.535,8.42911,0.38,191.0
2021-06-19 05:09:00,24.4375,100.0,15.839,8.42911,0.38,192.0
2021-06-19 05:10:00,24.4375,100.0,5.468,8.42457,0.38,192.0
2021-06-19 05:11:00,24.4375,100.0,26.886,8.42911,0.38,181.0
2021-06-19 05:12:00,24.4375,100.0,6.601,8.42911,0.38,193.0
2021-06-19 05:13:00,24.4375,100.0,4.403,8.48358,0.38,191.0
2021-06-19 05:14:00,24.4375,100.0,5.417,8.42457,0.38,192.0
2021-06-19 05:15:00,24.4375,100.0,4.133,8.43365,0.38,192.0
2021-06-19 05:16:00,24.4375,100.0,3.761,8.42457,0.38,192.0
2021-06-19 05:17:00,24.4375,100.0,4.775,8.42003,0.38,193.0
2021-06-19 05:18:00,24.4375,100.0,19.736,8.40641,0.38,193.0
2021-06-19 05:19:00,24.4375,100.0,3.6,8.48358,0.38,192.0
2021-06-19 05:20:00,24.4375,100.0,5.164,8.42911,0.38,194.0
2021-06-19 05:21:00,24.4375,100.0,4.412,8.42911,0.38,191.0
2021-06-19 05:22:00,24.4375,100.0,33.792,8.42911,0.38,193.0
2021-06-19 05:23:00,24.4375,100.0,33.792,8.42911,0.38,193.0
2021-06-19 05:24:00,24.4375,100.0,5.62,8.42911,0.38,192.0
2021-06-19 05:25:00,24.4375,100.0,38.347,8.42457,0.38,192.0
2021-06-19 05:26:00,24.4375,100.0,33.555,8.41549,0.38,192.0
2021-06-19 05:27:00,24.4375,100.0,3.025,8.43365,0.38,192.0
2021-06-19 05:28:00,24.4375,100.0,3.144,8.43818,0.38,193.0
2021-06-19 05:29:00,24.4375,100.0,29.591,8.41549,0.38,183.0
2021-06-19 05:30:00,24.375,100.0,6.465,8.41549,0.38,191.0
2021-06-19 05:31:00,24.4375,100.0,10.472,8.41549,0.38,192.0
2021-06-19 05:32:00,24.4375,100.0,4.259,8.42457,0.38,192.0
2021-06-19 05:33:00,24.4375,100.0,30.943,8.43818,0.38,192.0
2021-06-19 05:34:00,24.4375,100.0,4.86,8.42911,0.38,190.0
2021-06-19 05:35:00,24.4375,100.0,2.696,8.42911,0.38,191.0
2021-06-19 05:36:00,24.4375,100.0,10.835,8.42003,0.38,192.0
2021-06-19 05:37:00,24.375,100.0,3.347,8.42911,0.38,192.0
2021-06-19 05:38:00,24.5,100.0,2.315,8.42457,0.38,192.0
2021-06-19 05:39:00,24.4375,100.0,13.92,8.43365,0.38,191.0
2021-06-19 05:40:00,24.4375,100.0,2.603,8.42911,0.38,192.0
2021-06-19 05:41:00,24.4375,100.0,3.854,8.42457,0.38,193.0
2021-06-19 05:42:00,24.4375,100.0,6.795,8.44272,0.38,192.0
2021-06-19 05:43:00,24.4375,100.0,4.226,8.42003,0.38,186.0
2021-06-19 05:44:00,24.4375,100.0,5.417,8.42911,0.38,193.0
2021-06-19 05:45:00,24.375,100.0,4.006,8.42457,0.38,193.0
2021-06-19 05:46:00,24.375,100.0,5.84,8.42457,0.38,192.0
2021-06-19 05:47:00,24.4375,100.0,23.556,8.42003,0.38,194.0
2021-06-19 05:48:00,24.5,100.0,3.761,8.44726,0.38,193.0
2021-06-19 05:49:00,24.4375,100.0,3.364,8.42911,0.38,189.0
2021-06-19 05:50:00,24.4375,100.0,4.767,8.42003,0.38,194.0
2021-06-19 05:51:00,24.4375,100.0,30.495,8.41549,0.38,197.0
2021-06-19 05:52:00,24.4375,100.0,26.016,8.42911,0.38,195.0
2021-06-19 05:53:00,24.4375,100.0,37.063,8.48358,0.38,195.0
2021-06-19 05:54:00,24.4375,100.0,2.755,8.43365,0.38,195.0
2021-06-19 05:55:00,24.4375,100.0,1.682,8.42003,0.38,194.0
2021-06-19 05:56:00,24.4375,100.0,5.958,8.42003,0.38,196.0
2021-06-19 05:57:00,24.4375,100.0,5.967,8.42003,0.38,198.0
2021-06-19 05:58:00,24.4375,100.0,11.038,8.43818,0.38,192.0
2021-06-19 05:59:00,24.375,100.0,5.35,8.42003,0.38,193.0
2021-06-19 06:00:00,24.375,100.0,3.845,8.42911,0.38,193.0
2021-06-19 06:01:00,24.375,100.0,4.462,8.43365,0.38,193.0
2021-06-19 06:02:00,24.4375,100.0,3.795,8.42911,0.38,192.0
2021-06-19 06:03:00,24.4375,100.0,24.291,8.41549,0.38,191.0
2021-06-19 06:04:00,24.4375,100.0,3.456,8.42911,0.38,192.0
2021-06-19 06:05:00,24.375,100.0,3.338,8.42457,0.38,202.0
2021-06-19 06:06:00,24.375,100.0,9.584,8.43818,0.38,195.0
2021-06-19 06:07:00,24.4375,100.0,1.343,8.42457,0.38,195.0
2021-06-19 06:08:00,24.375,100.0,2.349,8.42911,0.38,194.0
2021-06-19 06:09:00,24.375,100.0,25.99,8.43818,0.38,195.0
2021-06-19 06:10:00,24.375,100.0,29.861,8.42911,0.38,195.0
2021-06-19 06:11:00,24.4375,100.0,4.775,8.43365,0.38,194.0
2021-06-19 06:12:00,24.4375,100.0,7.006,8.42003,0.38,194.0
2021-06-19 06:13:00,24.375,100.0,3.389,8.42911,0.38,193.0
2021-06-19 06:14:00,24.375,100.0,21.392,8.41549,0.38,193.0
2021-06-19 06:15:00,24.375,100.0,1.504,8.42003,0.38,194.0
2021-06-19 06:16:00,24.375,100.0,4.437,8.42457,0.38,193.0
2021-06-19 06:17:00,24.4375,100.0,1.369,8.42911,0.38,194.0
2021-06-19 06:18:00,24.375,100.0,1.47,8.42457,0.38,192.0
2021-06-19 06:19:00,24.375,100.0,3.372,8.43365,0.38,192.0
2021-06-19 06:20:00,24.375,100.0,8.114,8.42457,0.38,192.0
2021-06-19 06:21:00,24.375,100.0,3.186,8.42457,0.38,194.0
2021-06-19 06:22:00,24.4375,100.0,6.043,8.42457,0.38,195.0
2021-06-19 06:23:00,24.375,100.0,1.698,8.42457,0.38,194.0
2021-06-19 06:24:00,24.375,100.0,2.476,8.42457,0.38,193.0
2021-06-19 06:25:00,24.4375,100.0,11.173,8.42457,0.38,193.0
2021-06-19 06:26:00,24.375,100.0,2.011,8.42911,0.38,194.0
2021-06-19 06:27:00,24.375,100.0,2.645,8.42003,0.38,193.0
2021-06-19 06:28:00,24.375,100.0,14.69,8.40641,0.38,193.0
2021-06-19 06:29:00,24.375,100.0,27.283,8.42003,0.38,193.0
2021-06-19 06:30:00,24.375,100.0,4.183,8.42003,0.38,192.0
2021-06-19 06:31:00,24.4375,100.0,8.114,8.42457,0.38,192.0
2021-06-19 06:32:00,24.375,100.0,3.135,8.44726,0.38,193.0
2021-06-19 06:33:00,24.375,100.0,25.813,8.41549,0.38,195.0
2021-06-19 06:34:00,24.375,100.0,3.947,8.42911,0.38,193.0
2021-06-19 06:35:00,24.375,100.0,29.726,8.42911,0.38,194.0
2021-06-19 06:36:00,24.375,100.0,6.001,8.48358,0.38,193.0
2021-06-19 06:37:00,24.375,100.0,14.952,8.43365,0.38,194.0
2021-06-19 06:38:00,24.375,100.0,4.217,8.42911,0.38,194.0
2021-06-19 06:39:00,24.375,100.0,2.679,8.42003,0.38,197.0
2021-06-19 06:40:00,24.375,100.0,23.657,8.41549,0.38,196.0
2021-06-19 06:41:00,24.375,100.0,23.657,8.41549,0.38,196.0
2021-06-19 06:42:00,24.375,100.0,3.456,8.42003,0.38,198.0
2021-06-19 06:43:00,24.375,100.0,4.471,8.42457,0.38,196.0
2021-06-19 06:44:00,24.375,100.0,13.193,8.42457,0.38,199.0
2021-06-19 06:45:00,24.375,100.0,13.193,8.42457,0.38,199.0
2021-06-19 06:46:00,24.375,100.0,25.094,8.42003,0.38,198.0
2021-06-19 06:47:00,24.375,100.0,21.603,8.43365,0.38,198.0
2021-06-19 06:48:00,24.375,100.0,29.735,8.42457,0.38,196.0
2021-06-19 06:49:00,24.375,100.0,29.735,8.42457,0.38,196.0
2021-06-19 06:50:00,24.375,100.0,12.475,8.42003,0.38,197.0
2021-06-19 06:51:00,24.3125,100.0,2.349,8.42911,0.38,199.0
2021-06-19 06:52:00,24.375,100.0,13.802,8.42911,0.38,199.0
2021-06-19 06:53:00,24.3125,100.0,3.465,8.42457,0.38,197.0
2021-06-19 06:54:00,24.375,100.0,3.972,8.41549,0.38,197.0
2021-06-19 06:55:00,24.375,100.0,32.524,8.42457,0.38,198.0
2021-06-19 06:56:00,24.375,100.0,17.048,8.42911,0.38,199.0
2021-06-19 06:57:00,24.375,100.0,3.389,8.42457,0.38,201.0
2021-06-19 06:58:00,24.375,100.0,32.693,8.42003,0.38,201.0
2021-06-19 06:59:00,24.375,100.0,21.578,8.41095,0.38,201.0
2021-06-19 07:00:00,24.3125,100.0,4.817,8.42003,0.38,203.0
2021-06-19 07:01:00,24.375,100.0,4.352,8.42003,0.38,203.0
2021-06-19 07:02:00,24.375,100.0,4.352,8.42003,0.38,203.0
2021-06-19 07:03:00,24.375,100.0,2.315,8.42911,0.38,203.0
2021-06-19 07:04:00,24.375,100.0,2.535,8.43365,0.38,203.0
2021-06-19 07:05:00,24.375,100.0,3.972,8.41549,0.38,206.0
2021-06-19 07:06:00,24.3125,100.0,4.868,8.43365,0.38,206.0
2021-06-19 07:07:00,24.375,100.0,2.78,8.42911,0.38,208.0
2021-06-19 07:08:00,24.375,100.0,4.361,8.43365,0.38,215.0
2021-06-19 07:09:00,24.3125,100.0,2.4,8.42457,0.38,207.0
2021-06-19 07:10:00,24.3125,100.0,3.71,8.43365,0.38,194.0
2021-06-19 07:11:00,24.3125,100.0,3.566,8.43365,0.38,202.0
2021-06-19 07:12:00,24.3125,100.0,19.583,8.42911,0.38,204.0
2021-06-19 07:13:00,24.375,100.0,4.234,8.41549,0.38,205.0
2021-06-19 07:14:00,24.3125,100.0,3.473,8.42457,0.38,205.0
2021-06-19 07:15:00,24.375,100.0,3.025,8.42003,0.38,207.0
2021-06-19 07:16:00,24.375,100.0,29.473,8.42911,0.38,205.0
2021-06-19 07:17:00,24.375,100.0,4.234,8.42003,0.38,206.0
2021-06-19 07:18:00,24.375,100.0,4.319,8.42003,0.38,203.0
2021-06-19 07:19:00,24.3125,100.0,2.823,8.42003,0.38,201.0
2021-06-19 07:20:00,24.375,100.0,3.372,8.42911,0.38,205.0
2021-06-19 07:21:00,24.375,100.0,3.025,8.41549,0.38,205.0
2021-06-19 07:22:00,24.375,100.0,3.811,8.43818,0.38,206.0
2021-06-19 07:23:00,24.3125,100.0,1.318,8.43365,0.38,208.0
2021-06-19 07:24:00,24.375,100.0,3.44,8.43818,0.38,203.0
2021-06-19 07:25:00,24.375,100.0,3.397,8.42457,0.38,211.0
2021-06-19 07:26:00,24.3125,100.0,1.791,8.41549,0.38,208.0
2021-06-19 07:27:00,24.375,100.0,18.147,8.42457,0.38,208.0
2021-06-19 07:28:00,24.375,100.0,4.623,8.42911,0.38,208.0
2021-06-19 07:29:00,24.3125,100.0,28.83,8.42457,0.38,209.0
2021-06-19 07:30:00,24.375,100.0,3.228,8.42003,0.38,208.0
2021-06-19 07:31:00,24.3125,100.0,3.981,8.41549,0.38,208.0
2021-06-19 07:32:00,24.3125,100.0,38.305,8.42457,0.38,208.0
2021-06-19 07:33:00,24.375,100.0,2.358,8.42457,0.38,208.0
2021-06-19 07:34:00,24.375,100.0,4.454,8.42003,0.38,208.0
2021-06-19 07:35:00,24.3125,100.0,5.806,8.39733,0.38,204.0
2021-06-19 07:36:00,24.3125,100.0,28.027,8.42003,0.38,207.0
2021-06-19 07:37:00,24.3125,100.0,28.027,8.42003,0.38,207.0
2021-06-19 07:38:00,24.3125,100.0,5.012,8.42911,0.38,208.0
2021-06-19 07:39:00,24.3125,100.0,5.772,8.42911,0.38,206.0
2021-06-19 07:40:00,24.3125,100.0,2.586,8.43365,0.38,208.0
2021-06-19 07:41:00,24.3125,100.0,3.101,8.41549,0.38,207.0
2021-06-19 07:42:00,24.375,100.0,25.466,8.41549,0.38,208.0
2021-06-19 07:43:00,24.3125,100.0,5.189,8.42003,0.38,207.0
2021-06-19 07:44:00,24.3125,100.0,3.82,8.42911,0.38,208.0
2021-06-19 07:45:00,24.3125,100.0,4.023,8.48358,0.38,207.0
2021-06-19 07:46:00,24.375,100.0,14.58,8.41549,0.38,204.0
2021-06-19 07:47:00,24.375,100.0,28.467,8.41549,0.38,204.0
2021-06-19 07:48:00,24.3125,100.0,3.981,8.40641,0.38,205.0
2021-06-19 07:49:00,24.3125,100.0,8.798,8.42003,0.38,203.0
2021-06-19 07:50:00,24.3125,100.0,3.051,8.42911,0.38,204.0
2021-06-19 07:51:00,24.3125,100.0,4.648,8.42911,0.38,203.0
2021-06-19 07:52:00,24.3125,100.0,22.136,8.42911,0.38,203.0
2021-06-19 07:53:00,24.3125,100.0,15.163,8.42911,0.38,206.0
2021-06-19 07:54:00,24.3125,100.0,4.378,8.44726,0.38,205.0
2021-06-19 07:55:00,24.3125,100.0,3.194,8.42457,0.38,205.0
2021-06-19 07:56:00,24.3125,100.0,24.427,8.42003,0.38,206.0
2021-06-19 07:57:00,24.375,100.0,3.795,8.41095,0.38,204.0
2021-06-19 07:58:00,24.3125,100.0,24.452,8.42911,0.38,206.0
2021-06-19 07:59:00,24.3125,100.0,2.916,8.42003,0.38,205.0
2021-06-19 08:00:00,24.3125,100.0,4.936,8.40641,0.38,205.0
2021-06-19 08:01:00,24.3125,100.0,4.927,8.42003,0.38,205.0
2021-06-19 08:02:00,24.3125,100.0,4.767,8.42911,0.38,207.0
2021-06-19 08:03:00,24.3125,100.0,3.795,8.42003,0.38,208.0
2021-06-19 08:04:00,24.3125,100.0,11.968,8.44726,0.38,208.0
2021-06-19 08:05:00,24.3125,100.0,12.078,8.41549,0.38,208.0
2021-06-19 08:06:00,24.3125,100.0,4.124,8.41549,0.38,208.0
2021-06-19 08:07:00,24.3125,100.0,4.783,8.41549,0.38,208.0
2021-06-19 08:08:00,24.375,100.0,4.53,8.42003,0.38,208.0
2021-06-19 08:09:00,24.375,100.0,18.282,8.41549,0.38,208.0
2021-06-19 08:10:00,24.375,100.0,21.781,8.42911,0.38,208.0
2021-06-19 08:11:00,24.375,100.0,21.781,8.42911,0.38,208.0
2021-06-19 08:12:00,24.3125,100.0,3.161,8.42911,0.38,208.0
2021-06-19 08:13:00,24.3125,100.0,2.501,8.41549,0.38,208.0
2021-06-19 08:14:00,24.375,100.0,4.961,8.41095,0.38,208.0
2021-06-19 08:15:00,24.375,100.0,4.53,8.41549,0.38,208.0
2021-06-19 08:16:00,24.3125,100.0,3.465,8.41549,0.38,207.0
2021-06-19 08:17:00,24.375,100.0,3.769,8.42003,0.38,206.0
2021-06-19 08:18:00,24.3125,100.0,13.32,8.41095,0.38,207.0
2021-06-19 08:19:00,24.3125,100.0,13.058,8.40641,0.38,208.0
2021-06-19 08:20:00,24.375,100.0,0.456,8.42003,0.38,208.0
2021-06-19 08:21:00,24.375,100.0,3.135,8.42003,0.38,208.0
2021-06-19 08:22:00,24.375,100.0,16.583,8.41549,0.38,208.0
2021-06-19 08:23:00,24.375,100.0,18.975,8.41095,0.38,206.0
2021-06-19 08:24:00,24.3125,100.0,3.372,8.41095,0.38,205.0
2021-06-19 08:25:00,24.3125,100.0,25.847,8.41095,0.38,206.0
2021-06-19 08:26:00,24.375,100.0,5.172,8.39733,0.38,208.0
2021-06-19 08:27:00,24.375,100.0,4.073,8.40641,0.38,209.0
2021-06-19 08:28:00,24.375,100.0,19.347,8.44726,0.38,208.0
2021-06-19 08:29:00,24.375,100.0,3.549,8.41095,0.38,208.0
2021-06-19 08:30:00,24.375,100.0,4.226,8.41095,0.38,202.0
2021-06-19 08:31:00,24.375,100.0,4.141,8.41549,0.38,204.0
2021-06-19 08:32:00,24.3125,100.0,4.876,8.40641,0.38,202.0
2021-06-19 08:33:00,24.375,100.0,5.823,8.41095,0.38,200.0
2021-06-19 08:34:00,24.3125,100.0,12.822,8.41549,0.38,204.0
2021-06-19 08:35:00,24.375,100.0,10.015,8.41095,0.38,203.0
2021-06-19 08:36:00,24.375,100.0,10.015,8.41095,0.38,203.0
2021-06-19 08:37:00,24.375,100.0,5.443,8.41549,0.38,204.0
2021-06-19 08:38:00,24.375,100.0,4.91,8.41549,0.38,207.0
2021-06-19 08:39:00,24.375,100.0,4.623,8.42003,0.38,207.0
2021-06-19 08:40:00,24.375,100.0,13.371,8.41095,0.38,208.0
2021-06-19 08:41:00,24.375,100.0,3.676,8.40641,0.38,208.0
2021-06-19 08:42:00,24.3125,100.0,14.478,8.40641,0.38,206.0
2021-06-19 08:43:00,24.375,100.0,23.429,8.41095,0.38,197.0
2021-06-19 08:44:00,24.375,100.0,4.454,8.42003,0.38,195.0
2021-06-19 08:45:00,24.375,100.0,4.361,8.41095,0.38,197.0
2021-06-19 08:46:00,24.375,100.0,3.981,8.40641,0.38,198.0
2021-06-19 08:47:00,24.375,100.0,3.533,8.41549,0.38,199.0
2021-06-19 08:48:00,24.375,100.0,19.668,8.41095,0.38,199.0
2021-06-19 08:49:00,24.375,100.0,3.82,8.41095,0.38,196.0
2021-06-19 08:50:00,24.375,100.0,32.667,8.42457,0.38,195.0
2021-06-19 08:51:00,24.3125,100.0,4.53,8.40641,0.38,194.0
2021-06-19 08:52:00,24.375,100.0,4.141,8.42457,0.38,198.0
2021-06-19 08:53:00,24.375,100.0,2.806,8.41549,0.38,199.0
2021-06-19 08:54:00,24.375,100.0,4.564,8.40641,0.38,198.0
2021-06-19 08:55:00,24.375,100.0,25.297,8.41095,0.38,196.0
2021-06-19 08:56:00,24.375,100.0,37.806,8.41095,0.38,199.0
2021-06-19 08:57:00,24.375,100.0,37.806,8.41095,0.38,199.0
2021-06-19 08:58:00,24.375,100.0,4.445,8.41549,0.38,201.0
2021-06-19 08:59:00,24.375,100.0,4.234,8.40641,0.38,202.0
2021-06-19 09:00:00,24.375,100.0,7.471,8.44726,0.38,201.0
2021-06-19 09:01:00,24.375,100.0,27.562,8.40641,0.38,201.0
2021-06-19 09:02:00,24.375,100.0,0.076,8.41549,0.38,199.0
2021-06-19 09:03:00,24.375,100.0,3.549,8.40641,0.38,201.0
2021-06-19 09:04:00,24.375,100.0,3.558,8.40641,0.38,202.0
2021-06-19 09:05:00,24.4375,100.0,32.194,8.40641,0.38,199.0
2021-06-19 09:06:00,24.375,100.0,4.547,8.41095,0.38,201.0
2021-06-19 09:07:00,24.375,100.0,6.423,8.41095,0.38,201.0
2021-06-19 09:08:00,24.375,100.0,6.888,8.40641,0.38,199.0
2021-06-19 09:09:00,24.4375,100.0,6.187,8.41095,0.38,204.0
2021-06-19 09:10:00,24.4375,100.0,3.862,8.40641,0.38,198.0
2021-06-19 09:11:00,24.4375,100.0,5.772,8.40641,0.38,194.0
2021-06-19 09:12:00,24.4375,100.0,25.483,8.41095,0.38,194.0
2021-06-19 09:13:00,24.4375,100.0,25.483,8.41095,0.38,194.0
2021-06-19 09:14:00,24.4375,100.0,7.852,8.40641,0.38,195.0
2021-06-19 09:15:00,24.4375,100.0,6.508,8.40641,0.38,197.0
2021-06-19 09:16:00,24.4375,100.0,5.806,8.40641,0.38,197.0
2021-06-19 09:17:00,24.4375,100.0,5.519,8.40641,0.38,208.0
2021-06-19 09:18:00,24.4375,100.0,4.927,8.40641,0.38,214.0
2021-06-19 09:19:00,24.4375,100.0,32.76,8.40641,0.38,215.0
2021-06-19 09:20:00,24.4375,100.0,4.978,8.40641,0.38,206.0
2021-06-19 09:21:00,24.4375,100.0,11.545,8.40641,0.38,203.0
2021-06-19 09:22:00,24.4375,100.0,4.454,8.40641,0.38,199.0
2021-06-19 09:23:00,24.4375,100.0,5.443,8.40641,0.38,202.0
2021-06-19 09:24:00,24.4375,100.0,16.87,8.40641,0.38,202.0
2021-06-19 09:25:00,24.4375,100.0,5.62,8.40641,0.38,202.0
2021-06-19 09:26:00,24.4375,100.0,13.641,8.41095,0.38,202.0
2021-06-19 09:27:00,24.5,100.0,12.686,8.40641,0.38,199.0
2021-06-19 09:28:00,24.4375,100.0,0.642,8.40641,0.38,198.0
2021-06-19 09:29:00,24.4375,100.0,7.733,8.40641,0.38,202.0
2021-06-19 09:30:00,24.4375,100.0,33.513,8.40641,0.38,195.0
2021-06-19 09:31:00,24.4375,100.0,5.84,8.40641,0.38,197.0
2021-06-19 09:32:00,24.4375,100.0,22.609,8.40641,0.38,192.0
2021-06-19 09:33:00,24.4375,100.0,6.609,8.40641,0.38,194.0
2021-06-19 09:34:00,24.5,100.0,12.052,8.40641,0.38,193.0
2021-06-19 09:35:00,24.5,100.0,5.215,8.40641,0.38,194.0
2021-06-19 09:36:00,24.5,100.0,24.587,8.40641,0.38,194.0
2021-06-19 09:37:00,24.5,100.0,5.375,8.40641,0.38,194.0
2021-06-19 09:38:00,24.5,100.0,6.736,8.40641,0.38,198.0
2021-06-19 09:39:00,24.5,100.0,9.39,8.40641,0.38,196.0
2021-06-19 09:40:00,24.5,100.0,7.97,8.40641,0.38,195.0
2021-06-19 09:41:00,24.5625,100.0,38.178,8.40641,0.38,198.0
2021-06-19 09:42:00,24.5,100.0,29.811,8.40641,0.38,197.0
2021-06-19 09:43:00,24.5,100.0,29.811,8.40641,0.38,197.0
2021-06-19 09:44:00,24.5625,100.0,38.407,8.40641,0.38,196.0
2021-06-19 09:45:00,24.5625,100.0,7.64,8.40641,0.38,197.0
2021-06-19 09:46:00,24.5625,100.0,8.519,8.40641,0.38,198.0
2021-06-19 09:47:00,24.5625,100.0,8.798,8.40641,0.38,198.0
2021-06-19 09:48:00,24.5625,100.0,28.661,8.40641,0.38,200.0
2021-06-19 09:49:00,24.5625,100.0,2.197,8.40641,0.38,202.0
2021-06-19 09:50:00,24.5625,100.0,7.708,8.40187,0.38,197.0
2021-06-19 09:51:00,24.5625,100.0,8.249,8.40641,0.38,198.0
2021-06-19 09:52:00,24.625,100.0,21.967,8.40187,0.38,202.0
2021-06-19 09:53:00,24.625,100.0,19.964,8.40641,0.38,208.0
2021-06-19 09:54:00,24.625,100.0,26.649,8.40187,0.38,209.0
2021-06-19 09:55:00,24.6875,100.0,31.687,8.39733,0.38,192.0
2021-06-19 09:56:00,24.625,100.0,11.131,8.39279,0.38,202.0
2021-06-19 09:57:00,24.75,100.0,37.105,8.39733,0.38,202.0
2021-06-19 09:58:00,24.6875,100.0,1.977,8.40641,0.38,198.0
2021-06-19 09:59:00,24.6875,100.0,10.446,8.37917,0.38,194.0
2021-06-19 10:00:00,24.625,100.0,17.825,8.39733,0.38,192.0
2021-06-19 10:01:00,24.6875,100.0,11.723,8.39733,0.38,191.0
2021-06-19 10:02:00,24.6875,100.0,8.528,8.38371,0.38,198.0
2021-06-19 10:03:00,24.6875,100.0,36.429,8.39733,0.38,196.0
2021-06-19 10:04:00,24.75,100.0,10.049,8.41095,0.38,199.0
2021-06-19 10:05:00,24.6875,100.0,20.133,8.39279,0.38,198.0
2021-06-19 10:06:00,24.75,100.0,13.532,8.39279,0.38,200.0
2021-06-19 10:07:00,24.75,100.0,14.123,8.38371,0.38,198.0
2021-06-19 10:08:00,24.75,100.0,6.212,8.37917,0.38,197.0
2021-06-19 10:09:00,24.75,100.0,21.696,8.38371,0.38,195.0
2021-06-19 10:10:00,24.8125,100.0,10.709,8.39279,0.38,195.0
2021-06-19 10:11:00,24.8125,100.0,12.492,8.37917,0.38,198.0
2021-06-19 10:12:00,24.8125,100.0,11.613,8.37917,0.38,197.0
2021-06-19 10:13:00,24.8125,100.0,11.866,8.39279,0.38,199.0
2021-06-19 10:14:00,24.8125,100.0,12.61,8.38371,0.38,203.0
2021-06-19 10:15:00,24.875,100.0,12.822,8.38371,0.38,210.0
2021-06-19 10:16:00,24.8125,100.0,8.418,8.37917,0.38,208.0
2021-06-19 10:17:00,24.75,100.0,23.404,8.37463,0.38,208.0
2021-06-19 10:18:00,24.8125,100.0,22.423,8.40641,0.38,211.0
2021-06-19 10:19:00,24.875,100.0,14.326,8.37463,0.38,207.0
2021-06-19 10:20:00,24.875,100.0,12.407,8.37463,0.38,208.0
2021-06-19 10:21:00,24.875,100.0,12.154,8.37463,0.38,206.0
2021-06-19 10:22:00,24.8125,100.0,0.16,8.37463,0.38,204.0
2021-06-19 10:23:00,24.875,100.0,11.03,8.37917,0.38,203.0
2021-06-19 10:24:00,24.75,100.0,29.489,8.36101,0.38,208.0
2021-06-19 10:25:00,24.9375,100.0,9.813,8.36101,0.38,207.0
2021-06-19 10:26:00,24.9375,100.0,30.233,8.36555,0.38,208.0
2021-06-19 10:27:00,24.9375,100.0,35.085,8.36555,0.38,208.0
2021-06-19 10:28:00,24.9375,100.0,12.103,8.36101,0.38,208.0
2021-06-19 10:29:00,24.875,100.0,11.562,8.36101,0.38,205.0
2021-06-19 10:30:00,24.9375,100.0,12.382,8.36555,0.38,207.0
2021-06-19 10:31:00,25.0,100.0,11.229,8.35647,0.38,208.0
2021-06-19 10:32:00,25.0,100.0,12.182,8.36555,0.38,207.0
2021-06-19 10:33:00,24.9375,100.0,16.507,8.35647,0.38,202.0
2021-06-19 10:34:00,24.875,100.0,28.746,8.36101,0.38,204.0
2021-06-19 10:35:00,24.9375,100.0,9.728,8.35194,0.38,203.0
2021-06-19 10:36:00,25.0625,100.0,11.485,8.35647,0.38,205.0
2021-06-19 10:37:00,25.0,100.0,11.253,8.34286,0.38,208.0
2021-06-19 10:38:00,25.0625,100.0,25.07,8.36101,0.38,202.0
2021-06-19 10:39:00,24.875,100.0,23.514,8.36101,0.38,203.0
2021-06-19 10:40:00,25.0,100.0,6.728,8.36555,0.38,197.0
2021-06-19 10:41:00,25.0,100.0,10.725,8.37463,0.38,202.0
2021-06-19 10:42:00,25.0,100.0,21.578,8.36101,0.38,198.0
2021-06-19 10:43:00,25.0625,100.0,10.164,8.35647,0.38,201.0
2021-06-19 10:44:00,25.0,100.0,12.19,8.37463,0.38,203.0
2021-06-19 10:45:00,25.0625,100.0,11.525,8.36555,0.38,204.0
2021-06-19 10:46:00,25.0625,100.0,11.782,8.35647,0.38,196.0
2021-06-19 10:47:00,25.0,100.0,11.654,8.35194,0.38,197.0
2021-06-19 10:48:00,25.0625,100.0,12.35,8.36101,0.38,196.0
2021-06-19 10:49:00,25.0625,100.0,11.566,8.35647,0.38,197.0
2021-06-19 10:50:00,25.0625,100.0,9.795,8.36555,0.38,197.0
2021-06-19 10:51:00,25.125,100.0,11.734,8.36101,0.38,195.0
2021-06-19 10:52:00,25.125,100.0,10.684,8.36101,0.38,198.0
2021-06-19 10:53:00,25.0625,100.0,10.516,8.36101,0.38,197.0
2021-06-19 10:54:00,25.125,100.0,10.901,8.37463,0.38,198.0
2021-06-19 10:55:00,25.125,100.0,2.41,8.34286,0.38,198.0
2021-06-19 10:56:00,25.1875,100.0,11.429,8.35647,0.38,201.0
2021-06-19 10:57:00,25.25,100.0,12.375,8.35647,0.38,199.0
2021-06-19 10:58:00,25.125,100.0,12.767,8.3474,0.38,199.0
2021-06-19 10:59:00,25.1875,100.0,22.403,8.35647,0.38,202.0
2021-06-19 11:00:00,25.1875,100.0,11.109,8.35194,0.38,202.0
2021-06-19 11:01:00,25.25,100.0,11.606,8.35194,0.38,198.0
2021-06-19 11:02:00,25.25,100.0,11.918,8.35647,0.38,196.0
2021-06-19 11:03:00,25.25,100.0,15.819,8.39279,0.38,195.0
2021-06-19 11:04:00,25.25,100.0,15.819,8.39279,0.38,195.0
2021-06-19 11:05:00,25.25,100.0,35.515,8.35194,0.38,197.0
2021-06-19 11:06:00,25.25,100.0,13.248,8.35647,0.38,197.0
2021-06-19 11:07:00,25.3125,100.0,17.613,8.35647,0.38,197.0
2021-06-19 11:08:00,25.25,100.0,11.878,8.32924,0.38,208.0
2021-06-19 11:09:00,25.25,100.0,15.819,8.34286,0.38,194.0
2021-06-19 11:10:00,25.3125,100.0,11.798,8.3474,0.38,194.0
2021-06-19 11:11:00,25.375,100.0,17.052,8.3474,0.38,197.0
2021-06-19 11:12:00,25.375,100.0,12.423,8.35647,0.38,198.0
2021-06-19 11:13:00,25.3125,100.0,15.162,8.3474,0.38,202.0
2021-06-19 11:14:00,25.3125,100.0,11.261,8.36101,0.38,202.0
2021-06-19 11:15:00,25.375,100.0,35.827,8.3474,0.38,199.0
2021-06-19 11:16:00,25.375,100.0,12.639,8.36101,0.38,200.0
2021-06-19 11:17:00,25.375,100.0,11.886,8.35647,0.38,197.0
2021-06-19 11:18:00,25.375,100.0,11.886,8.35647,0.38,197.0
2021-06-19 11:19:00,25.375,100.0,19.175,8.34286,0.38,198.0
2021-06-19 11:20:00,25.375,100.0,10.1,8.35647,0.38,201.0
2021-06-19 11:21:00,25.375,100.0,12.102,8.3474,0.38,199.0
2021-06-19 11:22:00,25.375,100.0,19.928,8.36101,0.38,200.0
2021-06-19 11:23:00,25.375,100.0,19.928,8.36101,0.38,200.0
2021-06-19 11:24:00,25.5,100.0,13.44,8.35647,0.38,198.0
2021-06-19 11:25:00,25.4375,100.0,24.237,8.35647,0.38,197.0
2021-06-19 11:26:00,25.4375,100.0,2.402,8.34286,0.38,197.0
2021-06-19 11:27:00,25.4375,100.0,12.535,8.35647,0.38,198.0
2021-06-19 11:28:00,25.5,100.0,12.326,8.36555,0.38,193.0
2021-06-19 11:29:00,25.5,100.0,35.146,8.36101,0.38,194.0
2021-06-19 11:30:00,25.5625,100.0,12.415,8.3474,0.38,192.0
2021-06-19 11:31:00,25.5,100.0,12.174,8.35647,0.38,192.0
2021-06-19 11:32:00,25.5625,100.0,12.447,8.36101,0.38,192.0
2021-06-19 11:33:00,25.625,100.0,12.463,8.35647,0.38,192.0
2021-06-19 11:34:00,25.5,100.0,12.911,8.36101,0.38,191.0
2021-06-19 11:35:00,25.4375,100.0,12.407,8.35647,0.38,193.0
2021-06-19 11:36:00,25.4375,100.0,10.789,8.39279,0.38,194.0
2021-06-19 11:37:00,25.4375,100.0,11.558,8.37463,0.38,195.0
2021-06-19 11:38:00,25.4375,100.0,35.643,8.36101,0.38,196.0
2021-06-19 11:39:00,25.5,100.0,12.174,8.35194,0.38,197.0
2021-06-19 11:40:00,25.5,100.0,12.174,8.35194,0.38,197.0
2021-06-19 11:41:00,25.5625,100.0,11.397,8.36101,0.38,193.0
2021-06-19 11:42:00,25.5,100.0,13.92,8.35647,0.38,193.0
2021-06-19 11:43:00,25.5625,100.0,11.742,8.36555,0.38,194.0
2021-06-19 11:44:00,25.625,100.0,12.991,8.36555,0.38,195.0
2021-06-19 11:45:00,25.5625,100.0,10.941,8.36101,0.38,196.0
2021-06-19 11:46:00,25.625,100.0,10.813,8.36555,0.38,199.0
2021-06-19 11:47:00,25.5625,100.0,10.877,8.37463,0.38,200.0
2021-06-19 11:48:00,25.625,100.0,0.08,8.37463,0.38,201.0
2021-06-19 11:49:00,25.6875,100.0,13.344,8.36555,0.38,202.0
2021-06-19 11:50:00,25.625,100.0,29.852,8.36555,0.38,206.0
2021-06-19 11:51:00,25.6875,100.0,12.663,8.36555,0.38,208.0
2021-06-19 11:52:00,25.6875,100.0,13.087,8.37463,0.38,197.0
2021-06-19 11:53:00,25.6875,100.0,27.721,8.37463,0.38,193.0
2021-06-19 11:54:00,25.6875,100.0,27.721,8.37463,0.38,193.0
2021-06-19 11:55:00,25.625,100.0,13.92,8.35647,0.38,195.0
2021-06-19 11:56:00,25.625,100.0,2.306,8.36555,0.38,196.0
2021-06-19 11:57:00,25.75,100.0,15.899,8.35647,0.38,197.0
2021-06-19 11:58:00,25.75,100.0,17.861,8.36555,0.38,200.0
2021-06-19 11:59:00,25.75,100.0,12.358,8.36101,0.38,199.0
2021-06-19 12:00:00,25.6875,100.0,12.142,8.36101,0.38,202.0
2021-06-19 12:01:00,25.75,100.0,12.334,8.36101,0.38,203.0
2021-06-19 12:02:00,25.8125,100.0,24.79,8.36101,0.38,198.0
2021-06-19 12:03:00,25.75,100.0,13.031,8.37463,0.38,195.0
2021-06-19 12:04:00,25.75,100.0,36.34,8.37463,0.38,188.0
2021-06-19 12:05:00,25.8125,100.0,8.882,8.35194,0.38,192.0
2021-06-19 12:06:00,25.75,100.0,14.233,8.35647,0.38,192.0
2021-06-19 12:07:00,25.75,100.0,22.283,8.36101,0.38,195.0
2021-06-19 12:08:00,25.8125,100.0,11.662,8.37463,0.38,193.0
2021-06-19 12:09:00,25.8125,100.0,13.464,8.37463,0.38,198.0
2021-06-19 12:10:00,25.875,100.0,36.051,8.36555,0.38,203.0
2021-06-19 12:11:00,25.8125,100.0,21.113,8.35647,0.38,201.0
2021-06-19 12:12:00,25.8125,100.0,11.91,8.36101,0.38,198.0
2021-06-19 12:13:00,25.875,100.0,35.114,8.36101,0.38,199.0
2021-06-19 12:14:00,25.8125,100.0,11.974,8.36101,0.38,195.0
2021-06-19 12:15:00,25.8125,100.0,25.334,8.35647,0.38,194.0
2021-06-19 12:16:00,25.8125,100.0,12.983,8.35647,0.38,201.0
2021-06-19 12:17:00,25.875,100.0,2.354,8.36555,0.38,199.0
2021-06-19 12:18:00,25.875,100.0,11.357,8.38371,0.38,198.0
2021-06-19 12:19:00,25.875,100.0,11.117,8.36101,0.38,197.0
2021-06-19 12:20:00,25.875,100.0,11.253,8.37917,0.38,197.0
2021-06-19 12:21:00,25.9375,100.0,12.094,8.37463,0.38,192.0
2021-06-19 12:22:00,25.9375,100.0,27.176,8.36101,0.38,194.0
2021-06-19 12:23:00,25.875,100.0,17.837,8.35647,0.38,195.0
2021-06-19 12:24:00,25.9375,100.0,11.702,8.37009,0.38,192.0
2021-06-19 12:25:00,25.9375,100.0,34.962,8.36555,0.38,194.0
2021-06-19 12:26:00,25.9375,100.0,12.391,8.36555,0.38,197.0
2021-06-19 12:27:00,25.9375,100.0,15.602,8.35647,0.38,197.0
2021-06-19 12:28:00,26.0,100.0,10.622,8.35647,0.38,198.0
2021-06-19 12:29:00,25.9375,100.0,10.813,8.36101,0.38,197.0
2021-06-19 12:30:00,26.0,100.0,10.622,8.37009,0.38,197.0
2021-06-19 12:31:00,26.0,100.0,10.965,8.36555,0.38,196.0
2021-06-19 12:32:00,25.9375,100.0,11.261,8.36101,0.38,195.0
2021-06-19 12:33:00,26.0625,100.0,7.774,8.36555,0.38,195.0
2021-06-19 12:34:00,26.0625,100.0,12.343,8.36101,0.38,195.0
2021-06-19 12:35:00,26.125,100.0,1.835,8.36101,0.38,194.0
2021-06-19 12:36:00,26.0625,100.0,11.255,8.36101,0.38,194.0
2021-06-19 12:37:00,26.0,100.0,3.076,8.38371,0.38,197.0
2021-06-19 12:38:00,26.0625,100.0,21.078,8.37463,0.38,197.0
2021-06-19 12:39:00,26.0625,100.0,12.686,8.36101,0.38,199.0
2021-06-19 12:40:00,26.0625,100.0,12.26,8.40187,0.38,197.0
2021-06-19 12:41:00,26.0625,100.0,12.008,8.36101,0.38,195.0
2021-06-19 12:42:00,26.0625,100.0,11.468,8.37009,0.38,198.0
2021-06-19 12:43:00,26.0625,100.0,1.477,8.37463,0.38,197.0
2021-06-19 12:44:00,26.0625,100.0,27.04,8.37463,0.38,197.0
2021-06-19 12:45:00,26.0625,100.0,11.156,8.37463,0.38,196.0
2021-06-19 12:46:00,26.0625,100.0,12.054,8.37917,0.38,197.0
2021-06-19 12:47:00,26.125,100.0,7.378,8.37463,0.38,197.0
2021-06-19 12:48:00,26.125,100.0,12.138,8.37463,0.38,190.0
2021-06-19 12:49:00,26.0625,100.0,10.562,8.38371,0.38,192.0
2021-06-19 12:50:00,26.125,100.0,11.955,8.36555,0.38,195.0
2021-06-19 12:51:00,26.125,100.0,11.62,8.36101,0.38,198.0
2021-06-19 12:52:00,26.0625,100.0,10.813,8.38371,0.38,200.0
2021-06-19 12:53:00,26.125,100.0,34.701,8.37463,0.38,197.0
2021-06-19 12:54:00,26.125,100.0,34.701,8.37463,0.38,197.0
2021-06-19 12:55:00,26.125,100.0,13.95,8.37463,0.38,191.0
2021-06-19 12:56:00,26.125,100.0,11.452,8.38371,0.38,195.0
2021-06-19 12:57:00,26.0625,100.0,11.475,8.37463,0.38,194.0
2021-06-19 12:58:00,26.0625,100.0,14.978,8.38371,0.38,194.0
2021-06-19 12:59:00,26.0625,100.0,10.828,8.38371,0.38,194.0
2021-06-19 13:00:00,26.0625,100.0,11.917,8.38371,0.38,200.0
2021-06-19 13:01:00,26.0625,100.0,10.417,8.38371,0.38,200.0
2021-06-19 13:02:00,26.125,100.0,10.897,8.37463,0.38,206.0
2021-06-19 13:03:00,26.125,100.0,11.628,8.38371,0.38,203.0
2021-06-19 13:04:00,26.0625,100.0,11.369,8.35647,0.38,202.0
2021-06-19 13:05:00,26.125,100.0,11.041,8.38371,0.38,198.0
2021-06-19 13:06:00,26.125,100.0,10.881,8.39279,0.38,194.0
2021-06-19 13:07:00,26.125,100.0,10.874,8.37917,0.38,193.0
2021-06-19 13:08:00,26.1875,100.0,10.737,8.37463,0.38,194.0
2021-06-19 13:09:00,26.1875,100.0,6.807,8.42911,0.38,202.0
2021-06-19 13:10:00,26.1875,100.0,11.498,8.39279,0.38,208.0
2021-06-19 13:11:00,26.1875,100.0,11.407,8.37463,0.38,205.0
2021-06-19 13:12:00,26.1875,100.0,10.714,8.37917,0.38,205.0
2021-06-19 13:13:00,26.125,100.0,10.021,8.38371,0.38,193.0
2021-06-19 13:14:00,26.125,100.0,11.727,8.37463,0.38,198.0
2021-06-19 13:15:00,26.125,100.0,18.664,8.36555,0.38,208.0
2021-06-19 13:16:00,26.1875,100.0,11.003,8.37463,0.38,208.0
2021-06-19 13:17:00,26.25,100.0,3.853,8.37463,0.38,208.0
2021-06-19 13:18:00,26.25,100.0,12.077,8.37463,0.38,206.0
2021-06-19 13:19:00,26.1875,100.0,10.249,8.37463,0.38,207.0
2021-06-19 13:20:00,26.25,100.0,11.871,8.38371,0.38,207.0
2021-06-19 13:21:00,26.25,100.0,11.871,8.38371,0.38,207.0
2021-06-19 13:22:00,26.3125,100.0,10.965,8.37463,0.38,199.0
2021-06-19 13:23:00,26.25,100.0,11.551,8.37917,0.38,202.0
2021-06-19 13:24:00,26.25,100.0,11.003,8.38371,0.38,203.0
2021-06-19 13:25:00,26.25,100.0,10.417,8.37463,0.38,202.0
2021-06-19 13:26:00,26.3125,100.0,7.287,8.37463,0.38,201.0
2021-06-19 13:27:00,26.25,100.0,12.442,8.39733,0.38,201.0
2021-06-19 13:28:00,26.25,100.0,22.19,8.38825,0.38,198.0
2021-06-19 13:29:00,26.375,100.0,10.676,8.38371,0.38,201.0
2021-06-19 13:30:00,26.25,100.0,33.955,8.38371,0.38,197.0
2021-06-19 13:31:00,26.25,100.0,11.011,8.38371,0.38,199.0
2021-06-19 13:32:00,26.3125,100.0,30.338,8.38825,0.38,199.0
2021-06-19 13:33:00,26.1875,100.0,11.894,8.38371,0.38,203.0
2021-06-19 13:34:00,26.1875,100.0,10.211,8.39279,0.38,202.0
2021-06-19 13:35:00,26.3125,100.0,11.582,8.39279,0.38,202.0
2021-06-19 13:36:00,26.25,100.0,1.561,8.40187,0.38,195.0
2021-06-19 13:37:00,26.375,100.0,12.001,8.38371,0.38,195.0
2021-06-19 13:38:00,26.25,100.0,6.906,8.38371,0.38,186.0
2021-06-19 13:39:00,26.25,100.0,6.906,8.38371,0.38,186.0
2021-06-19 13:40:00,26.25,100.0,0.266,8.38825,0.38,195.0
2021-06-19 13:41:00,26.25,100.0,9.305,8.38825,0.38,195.0
2021-06-19 13:42:00,26.1875,100.0,17.171,8.39733,0.38,201.0
2021-06-19 13:43:00,26.25,100.0,10.257,8.38371,0.38,203.0
2021-06-19 13:44:00,26.25,100.0,25.441,8.37917,0.38,199.0
2021-06-19 13:45:00,26.25,100.0,28.32,8.38371,0.38,198.0
2021-06-19 13:46:00,26.25,100.0,4.013,8.40187,0.38,197.0
2021-06-19 13:47:00,26.1875,100.0,12.107,8.36555,0.38,197.0
2021-06-19 13:48:00,26.1875,100.0,10.059,8.37917,0.38,201.0
2021-06-19 13:49:00,26.1875,100.0,34.716,8.39279,0.38,199.0
2021-06-19 13:50:00,26.1875,100.0,10.866,8.39733,0.38,197.0
2021-06-19 13:51:00,26.25,100.0,9.016,8.37917,0.38,193.0
2021-06-19 13:52:00,26.1875,100.0,34.892,8.39733,0.38,196.0
2021-06-19 13:53:00,26.1875,100.0,34.945,8.38371,0.38,199.0
2021-06-19 13:54:00,26.1875,100.0,34.945,8.38371,0.38,199.0
2021-06-19 13:55:00,26.1875,100.0,10.158,8.38825,0.38,199.0
2021-06-19 13:56:00,26.25,100.0,13.387,8.39279,0.38,199.0
2021-06-19 13:57:00,26.1875,100.0,10.859,8.37917,0.38,201.0
2021-06-19 13:58:00,26.25,100.0,34.922,8.37917,0.38,211.0
2021-06-19 13:59:00,26.25,100.0,22.989,8.38371,1907.52869,274.0
2021-06-19 14:00:00,26.3125,100.0,10.691,8.38371,43343.46094,273.0
2021-06-19 14:01:00,26.3125,100.0,3.122,8.38825,3940.02515,283.0
2021-06-19 14:02:00,26.25,100.0,9.686,8.39279,1719.83362,304.0
2021-06-19 14:03:00,26.25,100.0,10.562,8.38371,0.38,272.0
2021-06-19 14:04:00,26.25,100.0,10.211,8.37917,0.38,230.0
2021-06-19 14:05:00,26.25,100.0,18.443,8.37917,0.38,210.0
2021-06-19 14:06:00,26.1875,100.0,11.003,8.37463,150641.4219,266.0
2021-06-19 14:07:00,26.3125,100.0,11.574,8.37463,1506.51636,295.0
2021-06-19 14:08:00,26.25,100.0,11.749,8.38371,281.94611,334.0
2021-06-19 14:09:00,26.3125,100.0,11.171,8.37917,399.61987,330.0
2021-06-19 14:10:00,26.3125,100.0,34.062,8.38371,365103.4063,276.0
2021-06-19 14:11:00,26.25,100.0,15.085,8.37463,0.38,258.0
2021-06-19 14:12:00,26.3125,100.0,10.287,8.38371,0.38,238.0
2021-06-19 14:13:00,26.3125,100.0,10.287,8.38371,0.38,238.0
2021-06-19 14:14:00,26.3125,100.0,10.287,8.38371,0.38,238.0
2021-06-19 14:15:00,26.3125,100.0,10.287,8.38371,0.38,238.0
2021-06-19 14:16:00,26.3125,100.0,10.287,8.38371,0.38,238.0
2021-06-19 14:17:00,26.3125,100.0,10.287,8.38371,0.38,238.0
2021-06-19 14:18:00,26.3125,100.0,10.287,8.38371,0.38,238.0
2021-06-19 14:19:00,26.3125,100.0,10.287,8.38371,0.38,238.0
2021-06-19 14:20:00,26.3125,100.0,10.287,8.38371,0.38,238.0
2021-06-19 14:21:00,26.3125,100.0,10.287,8.38371,0.38,238.0
2021-06-19 14:22:00,26.3125,100.0,10.287,8.38371,0.38,238.0
2021-06-19 14:23:00,26.3125,100.0,10.249,8.38371,0.38,204.0
2021-06-19 14:24:00,26.25,100.0,10.562,8.35647,0.38,208.0
2021-06-19 14:25:00,26.25,100.0,1.583,8.39279,0.38,206.0
2021-06-19 14:26:00,26.3125,100.0,11.681,8.38825,0.38,199.0
2021-06-19 14:27:00,26.3125,100.0,11.681,8.38825,0.38,199.0
2021-06-19 14:28:00,26.3125,100.0,11.643,8.39279,0.38,208.0
2021-06-19 14:29:00,26.25,100.0,11.506,8.39733,0.38,205.0
2021-06-19 14:30:00,26.3125,100.0,23.081,8.40187,0.38,203.0
2021-06-19 14:31:00,26.3125,100.0,12.168,8.38371,0.38,226.0
2021-06-19 14:32:00,26.3125,100.0,10.257,8.39279,4713923.0,260.0
2021-06-19 14:33:00,26.3125,100.0,12.8,8.39279,0.38,240.0
2021-06-19 14:34:00,26.3125,100.0,4.896,8.38825,0.38,233.0
2021-06-19 14:35:00,26.3125,100.0,11.034,8.39733,0.38,246.0
2021-06-19 14:36:00,26.25,100.0,10.828,8.37917,70056.94531,272.0
2021-06-19 14:37:00,26.3125,100.0,22.007,8.38371,0.38,263.0
2021-06-19 14:38:00,26.375,100.0,10.356,8.38371,5198.92871,287.0
2021-06-19 14:39:00,26.375,100.0,10.463,8.38371,2302716.5,270.0
2021-06-19 14:40:00,26.3125,100.0,10.455,8.38371,0.38,241.0
2021-06-19 14:41:00,26.3125,100.0,11.133,8.37917,0.38,226.0
2021-06-19 14:42:00,26.375,100.0,11.513,8.37917,0.38,203.0
2021-06-19 14:43:00,26.375,100.0,5.939,8.35647,0.38,208.0
2021-06-19 14:44:00,26.3125,100.0,13.592,8.38371,0.38,208.0
2021-06-19 14:45:00,26.3125,100.0,24.992,8.39733,0.38,205.0
2021-06-19 14:46:00,26.3125,100.0,24.992,8.39733,0.38,205.0
2021-06-19 14:47:00,26.375,100.0,10.508,8.38825,0.38,209.0
2021-06-19 14:48:00,26.3125,100.0,4.82,8.39279,0.38,208.0
2021-06-19 14:49:00,26.375,100.0,13.364,8.37917,0.38,208.0
2021-06-19 14:50:00,26.375,100.0,14.422,8.39733,0.38,212.0
2021-06-19 14:51:00,26.375,100.0,10.919,8.37917,0.38,202.0
2021-06-19 14:52:00,26.375,100.0,21.71,8.37463,0.38,204.0
2021-06-19 14:53:00,26.375,100.0,13.737,8.37917,0.38,202.0
2021-06-19 14:54:00,26.375,100.0,13.737,8.37917,0.38,202.0
2021-06-19 14:55:00,26.3125,100.0,28.503,8.38371,0.38,201.0
2021-06-19 14:56:00,26.4375,100.0,10.463,8.37917,0.38,202.0
2021-06-19 14:57:00,26.4375,100.0,11.11,8.37917,0.38,205.0
2021-06-19 14:58:00,26.5,100.0,10.318,8.37917,0.38,201.0
2021-06-19 14:59:00,26.375,100.0,19.776,8.38371,0.38,199.0
2021-06-19 15:00:00,26.375,100.0,4.858,8.38371,0.38,205.0
2021-06-19 15:01:00,26.375,100.0,11.612,8.39733,0.38,208.0
2021-06-19 15:02:00,26.4375,100.0,12.732,8.38371,0.38,208.0
2021-06-19 15:03:00,26.3125,100.0,10.775,8.37917,0.38,208.0
2021-06-19 15:04:00,26.375,100.0,10.706,8.39279,0.38,205.0
2021-06-19 15:05:00,26.375,100.0,8.483,8.38825,0.38,206.0
2021-06-19 15:06:00,26.375,100.0,11.78,8.39279,0.38,203.0
2021-06-19 15:07:00,26.375,100.0,11.407,8.36101,0.38,203.0
2021-06-19 15:08:00,26.375,100.0,9.983,8.38371,0.38,202.0
2021-06-19 15:09:00,26.4375,100.0,10.881,8.39279,0.38,203.0
2021-06-19 15:10:00,26.375,100.0,7.797,8.38371,0.38,197.0
2021-06-19 15:11:00,26.4375,100.0,10.942,8.38371,0.38,201.0
2021-06-19 15:12:00,26.375,100.0,11.331,8.39279,0.38,201.0
2021-06-19 15:13:00,26.375,100.0,20.606,8.40641,0.38,199.0
2021-06-19 15:14:00,26.375,100.0,10.211,8.38825,0.38,195.0
2021-06-19 15:15:00,26.3125,100.0,19.151,8.38371,0.38,199.0
2021-06-19 15:16:00,26.375,100.0,6.122,8.39733,0.38,197.0
2021-06-19 15:17:00,26.3125,100.0,10.257,8.39279,0.38,197.0
2021-06-19 15:18:00,26.3125,100.0,34.77,8.38371,0.38,196.0
2021-06-19 15:19:00,26.3125,100.0,10.173,8.37463,0.38,194.0
2021-06-19 15:20:00,26.3125,100.0,10.356,8.38825,0.38,197.0
2021-06-19 15:21:00,26.375,100.0,10.234,8.38825,0.38,195.0
2021-06-19 15:22:00,26.375,100.0,10.859,8.38371,0.38,195.0
2021-06-19 15:23:00,26.3125,100.0,10.744,8.38825,0.38,193.0
2021-06-19 15:24:00,26.375,100.0,8.17,8.39733,0.38,195.0
2021-06-19 15:25:00,26.375,100.0,10.546,8.39279,0.38,196.0
2021-06-19 15:26:00,26.375,100.0,12.024,8.39279,0.38,196.0
2021-06-19 15:27:00,26.3125,100.0,11.323,8.37917,0.38,194.0
2021-06-19 15:28:00,26.3125,100.0,10.234,8.39733,0.38,195.0
2021-06-19 15:29:00,26.3125,100.0,10.196,8.38371,0.38,194.0
2021-06-19 15:30:00,26.3125,100.0,31.442,8.39279,0.38,197.0
2021-06-19 15:31:00,26.3125,100.0,30.871,8.37917,0.38,196.0
2021-06-19 15:32:00,26.3125,100.0,34.937,8.38371,0.38,201.0
2021-06-19 15:33:00,26.3125,100.0,10.569,8.39279,0.38,194.0
2021-06-19 15:34:00,26.3125,100.0,10.531,8.40187,0.38,198.0
2021-06-19 15:35:00,26.3125,100.0,9.96,8.39733,0.38,199.0
2021-06-19 15:36:00,26.3125,100.0,10.653,8.40641,0.38,202.0
2021-06-19 15:37:00,26.25,100.0,30.315,8.39733,0.38,200.0
2021-06-19 15:38:00,26.3125,100.0,4.744,8.39279,0.38,203.0
2021-06-19 15:39:00,26.25,100.0,23.043,8.39733,0.38,205.0
2021-06-19 15:40:00,26.3125,100.0,7.409,8.39279,0.38,199.0
2021-06-19 15:41:00,26.375,100.0,17.727,8.39733,0.38,201.0
2021-06-19 15:42:00,26.3125,100.0,34.655,8.39279,0.38,205.0
2021-06-19 15:43:00,26.3125,100.0,10.166,8.38825,0.38,206.0
2021-06-19 15:44:00,26.25,100.0,12.64,8.38371,0.38,203.0
2021-06-19 15:45:00,26.3125,100.0,30.041,8.40641,0.38,205.0
2021-06-19 15:46:00,26.3125,100.0,34.808,8.40187,0.38,202.0
2021-06-19 15:47:00,26.3125,100.0,34.427,8.40187,0.38,205.0
2021-06-19 15:48:00,26.375,100.0,10.463,8.38825,0.38,206.0
2021-06-19 15:49:00,26.375,100.0,0.715,8.39279,0.38,203.0
2021-06-19 15:50:00,26.3125,100.0,5.376,8.39733,0.38,203.0
2021-06-19 15:51:00,26.375,100.0,10.714,8.38371,0.38,199.0
2021-06-19 15:52:00,26.375,100.0,10.478,8.38371,0.38,201.0
2021-06-19 15:53:00,26.375,100.0,10.897,8.39733,0.38,203.0
2021-06-19 15:54:00,26.3125,100.0,4.15,8.37917,0.38,206.0
2021-06-19 15:55:00,26.375,100.0,10.569,8.38371,0.38,199.0
2021-06-19 15:56:00,26.375,100.0,10.105,8.38371,0.38,201.0
2021-06-19 15:57:00,26.4375,100.0,10.706,8.39279,0.38,206.0
2021-06-19 15:58:00,26.375,100.0,11.125,8.38825,0.38,207.0
2021-06-19 15:59:00,26.375,100.0,10.257,8.37917,0.38,204.0
2021-06-19 16:00:00,26.375,100.0,15.618,8.38825,0.38,207.0
2021-06-19 16:01:00,26.4375,100.0,13.212,8.38825,0.38,205.0
2021-06-19 16:02:00,26.4375,100.0,10.866,8.39733,0.38,208.0
2021-06-19 16:03:00,26.5,100.0,10.417,8.37463,0.38,207.0
2021-06-19 16:04:00,26.4375,100.0,11.536,8.38371,0.38,208.0
2021-06-19 16:05:00,26.4375,100.0,10.653,8.37917,0.38,208.0
2021-06-19 16:06:00,26.4375,100.0,10.653,8.37917,0.38,208.0
2021-06-19 16:07:00,26.4375,100.0,10.112,8.37463,0.38,207.0
2021-06-19 16:08:00,26.4375,100.0,10.356,8.37463,0.38,204.0
2021-06-19 16:09:00,26.4375,100.0,5.528,8.37917,0.38,203.0
2021-06-19 16:10:00,26.375,100.0,29.873,8.39279,0.38,203.0
2021-06-19 16:11:00,26.375,100.0,10.866,8.37463,0.38,208.0
2021-06-19 16:12:00,26.4375,100.0,23.994,8.38371,0.38,195.0
2021-06-19 16:13:00,26.5,100.0,10.79,8.37917,0.38,200.0
2021-06-19 16:14:00,26.4375,100.0,10.661,8.37917,0.38,197.0
2021-06-19 16:15:00,26.4375,100.0,8.909,8.37917,0.38,199.0
2021-06-19 16:16:00,26.4375,100.0,9.077,8.39279,0.38,199.0
2021-06-19 16:17:00,26.4375,100.0,5.376,8.40641,0.38,198.0
2021-06-19 16:18:00,26.4375,100.0,32.866,8.39279,0.38,197.0
2021-06-19 16:19:00,26.4375,100.0,3.876,8.38371,0.38,200.0
2021-06-19 16:20:00,26.4375,100.0,4.447,8.37917,0.38,200.0
2021-06-19 16:21:00,26.4375,100.0,10.257,8.37917,0.38,199.0
2021-06-19 16:22:00,26.4375,100.0,11.506,8.39279,0.38,194.0
2021-06-19 16:23:00,26.4375,100.0,12.206,8.38825,0.38,202.0
2021-06-19 16:24:00,26.4375,100.0,9.686,8.39279,0.38,202.0
2021-06-19 16:25:00,26.4375,100.0,9.511,8.37917,0.38,203.0
2021-06-19 16:26:00,26.375,100.0,21.108,8.38825,0.38,206.0
2021-06-19 16:27:00,26.4375,100.0,33.49,8.38371,0.38,202.0
2021-06-19 16:28:00,26.4375,100.0,9.488,8.38371,0.38,203.0
2021-06-19 16:29:00,26.4375,100.0,10.798,8.39279,0.38,207.0
2021-06-19 16:30:00,26.375,100.0,9.61,8.39279,0.38,207.0
2021-06-19 16:31:00,26.4375,100.0,9.663,8.38825,0.38,208.0
2021-06-19 16:32:00,26.4375,100.0,9.975,8.38371,0.38,206.0
2021-06-19 16:33:00,26.4375,100.0,10.242,8.39733,0.38,208.0
2021-06-19 16:34:00,26.4375,100.0,12.343,8.40187,0.38,208.0
2021-06-19 16:35:00,26.4375,100.0,9.366,8.33832,0.38,206.0
2021-06-19 16:36:00,26.375,100.0,21.443,8.37917,0.38,208.0
2021-06-19 16:37:00,26.375,100.0,11.057,8.39279,0.38,215.0
2021-06-19 16:38:00,26.375,100.0,10.859,8.39733,0.38,218.0
2021-06-19 16:39:00,26.4375,100.0,10.211,8.38825,0.38,211.0
2021-06-19 16:40:00,26.375,100.0,34.358,8.40641,0.38,214.0
2021-06-19 16:41:00,26.375,100.0,14.62,8.39279,0.38,211.0
2021-06-19 16:42:00,26.4375,100.0,34.869,8.39279,0.38,213.0
2021-06-19 16:43:00,26.375,100.0,11.59,8.39279,0.38,222.0
2021-06-19 16:44:00,26.4375,100.0,16.775,8.40641,0.38,221.0
2021-06-19 16:45:00,26.4375,100.0,11.925,8.38371,0.38,215.0
2021-06-19 16:46:00,26.4375,100.0,9.473,8.39279,0.38,209.0
2021-06-19 16:47:00,26.4375,100.0,5.201,8.39279,0.38,209.0
2021-06-19 16:48:00,26.375,100.0,19.456,8.40641,0.38,210.0
2021-06-19 16:49:00,26.4375,100.0,9.176,8.38825,0.38,208.0
2021-06-19 16:50:00,26.4375,100.0,12.062,8.39279,0.38,208.0
2021-06-19 16:51:00,26.375,100.0,8.475,8.39279,0.38,208.0
2021-06-19 16:52:00,26.4375,100.0,34.838,8.39279,0.38,209.0
2021-06-19 16:53:00,26.375,100.0,10.249,8.39279,0.38,211.0
2021-06-19 16:54:00,26.375,100.0,9.404,8.39733,0.38,214.0
2021-06-19 16:55:00,26.375,100.0,15.466,8.39279,0.38,211.0
2021-06-19 16:56:00,26.375,100.0,9.366,8.37917,0.38,209.0
2021-06-19 16:57:00,26.375,100.0,17.91,8.40641,0.38,209.0
2021-06-19 16:58:00,26.375,100.0,11.506,8.39279,0.38,208.0
2021-06-19 16:59:00,26.375,100.0,10.12,8.39279,0.38,205.0
2021-06-19 17:00:00,26.375,100.0,9.808,8.39279,0.38,202.0
2021-06-19 17:01:00,26.375,100.0,9.48,8.39733,0.38,206.0
2021-06-19 17:02:00,26.375,100.0,1.279,8.40187,0.38,208.0
2021-06-19 17:03:00,26.375,100.0,6.663,8.39733,0.38,208.0
2021-06-19 17:04:00,26.375,100.0,9.176,8.39279,0.38,208.0
2021-06-19 17:05:00,26.375,100.0,9.366,8.39279,0.38,208.0
2021-06-19 17:06:00,26.4375,100.0,10.097,8.38371,0.38,208.0
2021-06-19 17:07:00,26.375,100.0,10.036,8.38371,0.38,208.0
2021-06-19 17:08:00,26.375,100.0,19.753,8.39279,0.38,210.0
2021-06-19 17:09:00,26.375,100.0,2.444,8.38371,0.38,207.0
2021-06-19 17:10:00,26.375,100.0,9.663,8.40187,0.38,209.0
2021-06-19 17:11:00,26.4375,100.0,12.587,8.39279,0.38,208.0
2021-06-19 17:12:00,26.375,100.0,4.264,8.38825,0.38,209.0
2021-06-19 17:13:00,26.375,100.0,18.435,8.39733,0.38,211.0
2021-06-19 17:14:00,26.375,100.0,3.411,8.39279,0.38,208.0
2021-06-19 17:15:00,26.375,100.0,9.945,8.38371,0.38,209.0
2021-06-19 17:16:00,26.4375,100.0,9.374,8.39279,0.38,208.0
2021-06-19 17:17:00,26.375,100.0,7.873,8.39279,0.38,208.0
2021-06-19 17:18:00,26.375,100.0,9.457,8.39733,0.38,208.0
2021-06-19 17:19:00,26.4375,100.0,34.853,8.39279,0.38,208.0
2021-06-19 17:20:00,26.375,100.0,9.275,8.38825,0.38,208.0
2021-06-19 17:21:00,26.375,100.0,10.988,8.40641,0.38,207.0
2021-06-19 17:22:00,26.4375,100.0,9.495,8.39733,0.38,197.0
2021-06-19 17:23:00,26.375,100.0,29.729,8.40641,0.38,208.0
2021-06-19 17:24:00,26.375,100.0,9.488,8.39279,0.38,208.0
2021-06-19 17:25:00,26.4375,100.0,34.777,8.40641,0.38,208.0
2021-06-19 17:26:00,26.375,100.0,9.648,8.39279,0.38,212.0
2021-06-19 17:27:00,26.375,100.0,8.795,8.40187,0.38,208.0
2021-06-19 17:28:00,26.375,100.0,5.749,8.40187,0.38,213.0
2021-06-19 17:29:00,26.375,100.0,9.77,8.39733,0.38,210.0
2021-06-19 17:30:00,26.4375,100.0,10.287,8.38371,0.38,209.0
2021-06-19 17:31:00,26.375,100.0,22.761,8.40187,0.38,213.0
2021-06-19 17:32:00,26.375,100.0,34.869,8.38371,0.38,214.0
2021-06-19 17:33:00,26.375,100.0,34.869,8.38371,0.38,214.0
2021-06-19 17:34:00,26.375,100.0,9.693,8.39279,0.38,211.0
2021-06-19 17:35:00,26.375,100.0,30.65,8.40641,0.38,211.0
2021-06-19 17:36:00,26.375,100.0,10.706,8.38825,0.38,215.0
2021-06-19 17:37:00,26.375,100.0,9.023,8.39733,0.38,211.0
2021-06-19 17:38:00,26.375,100.0,7.196,8.39279,0.38,211.0
2021-06-19 17:39:00,26.375,100.0,17.651,8.39279,0.38,214.0
2021-06-19 17:40:00,26.375,100.0,15.991,8.39733,0.38,215.0
2021-06-19 17:41:00,26.375,100.0,10.341,8.39733,0.38,215.0
2021-06-19 17:42:00,26.375,100.0,9.229,8.38371,0.38,214.0
2021-06-19 17:43:00,26.375,100.0,10.204,8.39733,0.38,215.0
2021-06-19 17:44:00,26.375,100.0,19.783,8.40641,0.38,211.0
2021-06-19 17:45:00,26.375,100.0,8.932,8.39733,0.38,208.0
2021-06-19 17:46:00,26.375,100.0,9.13,8.40641,0.38,208.0
2021-06-19 17:47:00,26.375,100.0,10.044,8.40187,0.38,208.0
2021-06-19 17:48:00,26.375,100.0,32.5,8.40641,0.38,203.0
2021-06-19 17:49:00,26.375,100.0,10.455,8.40187,0.38,208.0
2021-06-19 17:50:00,26.375,100.0,5.193,8.39733,0.38,207.0
2021-06-19 17:51:00,26.375,100.0,10.699,8.39733,0.38,208.0
2021-06-19 17:52:00,26.375,100.0,9.663,8.39279,0.38,208.0
2021-06-19 17:53:00,26.375,100.0,8.33,8.39279,0.38,208.0
2021-06-19 17:54:00,26.3125,100.0,8.528,8.39733,0.38,208.0
2021-06-19 17:55:00,26.375,100.0,24.291,8.39279,0.38,208.0
2021-06-19 17:56:00,26.3125,100.0,9.823,8.40187,0.38,208.0
2021-06-19 17:57:00,26.375,100.0,9.457,8.40187,0.38,208.0
2021-06-19 17:58:00,26.3125,100.0,13.554,8.40641,0.38,208.0
2021-06-19 17:59:00,26.3125,100.0,10.562,8.40187,0.38,206.0
2021-06-19 18:00:00,26.375,100.0,11.574,8.39733,0.38,204.0
2021-06-19 18:01:00,26.375,100.0,10.942,8.38825,0.38,202.0
2021-06-19 18:02:00,26.3125,100.0,11.909,8.40641,0.38,202.0
2021-06-19 18:03:00,26.375,100.0,9.83,8.40187,0.38,214.0
2021-06-19 18:04:00,26.3125,100.0,9.663,8.39733,0.38,223.0
2021-06-19 18:05:00,26.3125,100.0,11.308,8.39279,10028308.0,249.0
2021-06-19 18:06:00,26.375,100.0,11.14,8.40187,196011504.0,253.0
2021-06-19 18:07:00,26.3125,100.0,1.035,8.40187,0.38,240.0
2021-06-19 18:08:00,26.3125,100.0,10.143,8.40641,0.38,237.0
2021-06-19 18:09:00,26.3125,100.0,34.846,8.39733,0.38,230.0
2021-06-19 18:10:00,26.3125,100.0,10.714,8.39279,0.38,226.0
2021-06-19 18:11:00,26.375,100.0,18.603,8.40187,0.38,218.0
2021-06-19 18:12:00,26.3125,100.0,28.548,8.40187,0.38,212.0
2021-06-19 18:13:00,26.3125,100.0,10.699,8.39733,0.38,209.0
2021-06-19 18:14:00,26.3125,100.0,8.909,8.39733,0.38,206.0
2021-06-19 18:15:00,26.3125,100.0,10.691,8.39733,0.38,208.0
2021-06-19 18:16:00,26.375,100.0,34.808,8.39733,0.38,203.0
2021-06-19 18:17:00,26.3125,100.0,10.813,8.39733,0.38,198.0
2021-06-19 18:18:00,26.3125,100.0,10.653,8.40641,0.38,206.0
2021-06-19 18:19:00,26.3125,100.0,10.569,8.40641,0.38,207.0
2021-06-19 18:20:00,26.3125,100.0,34.846,8.40187,0.38,206.0
2021-06-19 18:21:00,26.3125,100.0,6.891,8.40187,0.38,206.0
2021-06-19 18:22:00,26.3125,100.0,9.48,8.39733,0.38,208.0
2021-06-19 18:23:00,26.3125,100.0,9.983,8.40187,0.38,208.0
2021-06-19 18:24:00,26.3125,100.0,9.602,8.39733,0.38,208.0
2021-06-19 18:25:00,26.3125,100.0,6.678,8.40187,0.38,210.0
2021-06-19 18:26:00,26.3125,100.0,33.711,8.39733,0.38,209.0
2021-06-19 18:27:00,26.3125,100.0,33.308,8.40641,0.38,210.0
2021-06-19 18:28:00,26.3125,100.0,34.823,8.38825,0.38,210.0
2021-06-19 18:29:00,26.3125,100.0,34.808,8.39733,0.38,211.0
2021-06-19 18:30:00,26.3125,100.0,9.952,8.41095,0.38,211.0
2021-06-19 18:31:00,26.3125,100.0,9.541,8.40187,0.38,208.0
2021-06-19 18:32:00,26.25,100.0,10.562,8.40641,0.38,207.0
2021-06-19 18:33:00,26.3125,100.0,10.455,8.40187,0.38,208.0
2021-06-19 18:34:00,26.3125,100.0,11.909,8.40641,0.38,208.0
2021-06-19 18:35:00,26.3125,100.0,11.14,8.40187,0.38,208.0
2021-06-19 18:36:00,26.3125,100.0,34.404,8.39733,0.38,209.0
2021-06-19 18:37:00,26.3125,100.0,10.463,8.39733,0.38,209.0
2021-06-19 18:38:00,26.3125,100.0,9.64,8.40641,0.38,211.0
2021-06-19 18:39:00,26.3125,100.0,12.511,8.40641,0.38,212.0
2021-06-19 18:40:00,26.3125,100.0,2.063,8.40187,0.38,211.0
2021-06-19 18:41:00,26.3125,100.0,12.107,8.40641,0.38,211.0
2021-06-19 18:42:00,26.3125,100.0,11.003,8.39733,0.38,208.0
2021-06-19 18:43:00,26.3125,100.0,10.988,8.40641,0.38,208.0
2021-06-19 18:44:00,26.3125,100.0,12.412,8.39279,0.38,208.0
2021-06-19 18:45:00,26.3125,100.0,11.498,8.40641,0.38,208.0
2021-06-19 18:46:00,26.3125,100.0,8.224,8.41549,0.38,206.0
2021-06-19 18:47:00,26.3125,100.0,11.331,8.38371,0.38,205.0
2021-06-19 18:48:00,26.3125,100.0,10.584,8.40641,0.38,205.0
2021-06-19 18:49:00,26.3125,100.0,32.112,8.40187,0.38,203.0
2021-06-19 18:50:00,26.3125,100.0,14.727,8.39733,0.38,205.0
2021-06-19 18:51:00,26.3125,100.0,10.394,8.40187,0.38,205.0
2021-06-19 18:52:00,26.25,100.0,10.112,8.40187,0.38,203.0
2021-06-19 18:53:00,26.3125,100.0,11.049,8.40187,0.38,208.0
2021-06-19 18:54:00,26.25,100.0,11.414,8.39279,0.38,206.0
2021-06-19 18:55:00,26.25,100.0,1.515,8.40641,0.38,205.0
2021-06-19 18:56:00,26.3125,100.0,11.369,8.40641,0.38,208.0
2021-06-19 18:57:00,26.3125,100.0,18.649,8.40641,0.38,208.0
2021-06-19 18:58:00,26.25,100.0,9.663,8.40187,0.38,209.0
2021-06-19 18:59:00,26.25,100.0,10.478,8.40187,0.38,208.0
2021-06-19 19:00:00,26.3125,100.0,15.115,8.40187,0.38,207.0
2021-06-19 19:01:00,26.3125,100.0,11.224,8.40187,0.38,208.0
2021-06-19 19:02:00,26.3125,100.0,11.224,8.40187,0.38,208.0
2021-06-19 19:03:00,26.3125,100.0,9.96,8.39279,0.38,209.0
2021-06-19 19:04:00,26.3125,100.0,10.881,8.39279,0.38,209.0
2021-06-19 19:05:00,26.3125,100.0,10.356,8.40187,0.38,208.0
2021-06-19 19:06:00,26.25,100.0,10.562,8.39279,0.38,207.0
2021-06-19 19:07:00,26.25,100.0,8.734,8.40187,0.38,208.0
2021-06-19 19:08:00,26.3125,100.0,29.272,8.40641,0.38,204.0
2021-06-19 19:09:00,26.3125,100.0,34.511,8.39279,0.38,209.0
2021-06-19 19:10:00,26.25,100.0,18.291,8.40187,0.38,208.0
2021-06-19 19:11:00,26.25,100.0,13.76,8.40641,0.38,208.0
2021-06-19 19:12:00,26.25,100.0,13.76,8.40641,0.38,208.0
2021-06-19 19:13:00,26.25,100.0,32.752,8.40187,0.38,209.0
2021-06-19 19:14:00,26.25,100.0,9.488,8.40641,0.38,208.0
2021-06-19 19:15:00,26.25,100.0,9.96,8.39733,0.38,209.0
2021-06-19 19:16:00,26.25,100.0,9.069,8.41095,0.38,207.0
2021-06-19 19:17:00,26.25,100.0,10.211,8.39733,0.38,208.0
2021-06-19 19:18:00,26.25,100.0,11.681,8.39733,0.38,209.0
2021-06-19 19:19:00,26.25,100.0,10.562,8.39733,0.38,209.0
2021-06-19 19:20:00,26.25,100.0,13.737,8.40187,0.38,207.0
2021-06-19 19:21:00,26.25,100.0,10.15,8.39733,0.38,209.0
2021-06-19 19:22:00,26.25,100.0,5.65,8.40641,0.38,208.0
2021-06-19 19:23:00,26.25,100.0,9.846,8.40187,0.38,210.0
2021-06-19 19:24:00,26.25,100.0,25.677,8.40641,0.38,208.0
2021-06-19 19:25:00,26.25,100.0,10.508,8.39733,0.38,214.0
2021-06-19 19:26:00,26.25,100.0,9.191,8.39733,0.38,214.0
2021-06-19 19:27:00,26.1875,100.0,28.883,8.39733,0.38,211.0
2021-06-19 19:28:00,26.25,100.0,9.762,8.39733,0.38,210.0
2021-06-19 19:29:00,26.25,100.0,9.686,8.39733,0.38,208.0
2021-06-19 19:30:00,26.25,100.0,10.714,8.39733,0.38,209.0
2021-06-19 19:31:00,26.25,100.0,9.511,8.39733,0.38,210.0
2021-06-19 19:32:00,26.25,100.0,22.959,8.40187,0.38,217.0
2021-06-19 19:33:00,26.25,100.0,9.663,8.39279,0.38,224.0
2021-06-19 19:34:00,26.25,100.0,7.927,8.40187,0.38,226.0
2021-06-19 19:35:00,26.1875,100.0,9.313,8.40187,0.38,229.0
2021-06-19 19:36:00,26.1875,100.0,12.359,8.40641,0.38,230.0
2021-06-19 19:37:00,26.25,100.0,12.937,8.40187,0.38,227.0
2021-06-19 19:38:00,26.25,100.0,9.975,8.39279,0.38,225.0
2021-06-19 19:39:00,26.25,100.0,10.859,8.39733,0.38,227.0
2021-06-19 19:40:00,26.25,100.0,16.44,8.40187,0.38,231.0
2021-06-19 19:41:00,26.25,100.0,8.993,8.39733,0.38,230.0
2021-06-19 19:42:00,26.25,100.0,16.684,8.38371,0.38,231.0
2021-06-19 19:43:00,26.25,100.0,10.691,8.40187,0.38,230.0
2021-06-19 19:44:00,26.25,100.0,12.046,8.39733,0.38,229.0
2021-06-19 19:45:00,26.25,100.0,11.925,8.40641,0.38,228.0
2021-06-19 19:46:00,26.25,100.0,8.566,8.40641,0.38,229.0
2021-06-19 19:47:00,26.1875,100.0,9.191,8.39733,0.38,230.0
2021-06-19 19:48:00,26.25,100.0,2.276,8.40641,0.38,230.0
2021-06-19 19:49:00,26.25,100.0,11.171,8.39733,0.38,231.0
2021-06-19 19:50:00,26.25,100.0,23.393,8.39733,0.38,230.0
2021-06-19 19:51:00,26.25,100.0,20.179,8.40187,0.38,230.0
2021-06-19 19:52:00,26.25,100.0,34.572,8.40187,0.38,230.0
2021-06-19 19:53:00,26.25,100.0,13.653,8.39279,0.38,230.0
2021-06-19 19:54:00,26.25,100.0,10.021,8.39279,0.38,233.0
2021-06-19 19:55:00,26.25,100.0,10.112,8.39279,0.38,231.0
2021-06-19 19:56:00,26.1875,100.0,0.464,8.40187,0.38,227.0
2021-06-19 19:57:00,26.1875,100.0,10.044,8.40187,0.38,218.0
2021-06-19 19:58:00,26.25,100.0,8.764,8.40187,0.38,216.0
2021-06-19 19:59:00,26.25,100.0,10.112,8.40187,0.38,214.0
2021-06-19 20:00:00,26.1875,100.0,8.673,8.39733,0.38,211.0
2021-06-19 20:01:00,26.25,100.0,10.204,8.40641,0.38,212.0
2021-06-19 20:02:00,26.25,100.0,9.815,8.40641,0.38,214.0
2021-06-19 20:03:00,26.25,100.0,21.992,8.39733,0.38,213.0
2021-06-19 20:04:00,26.25,100.0,1.644,8.40187,0.38,214.0
2021-06-19 20:05:00,26.1875,100.0,9.686,8.39733,0.38,213.0
2021-06-19 20:06:00,26.1875,100.0,11.658,8.40187,0.38,212.0
2021-06-19 20:07:00,26.1875,100.0,8.064,8.39279,0.38,214.0
2021-06-19 20:08:00,26.25,100.0,23.02,8.39733,0.38,212.0
2021-06-19 20:09:00,26.25,100.0,10.211,8.40641,0.38,214.0
2021-06-19 20:10:00,26.25,100.0,9.229,8.40641,0.38,213.0
2021-06-19 20:11:00,26.1875,100.0,28.693,8.39733,0.38,211.0
2021-06-19 20:12:00,26.25,100.0,10.173,8.38371,0.38,211.0
2021-06-19 20:13:00,26.25,100.0,18.314,8.39733,0.38,208.0
2021-06-19 20:14:00,26.1875,100.0,9.952,8.39733,0.38,208.0
2021-06-19 20:15:00,26.1875,100.0,8.612,8.40641,0.38,208.0
2021-06-19 20:16:00,26.1875,100.0,27.657,8.39733,0.38,208.0
2021-06-19 20:17:00,26.1875,100.0,34.815,8.40187,0.38,208.0
2021-06-19 20:18:00,26.1875,100.0,9.435,8.40641,0.38,208.0
2021-06-19 20:19:00,26.1875,100.0,6.381,8.40187,0.38,208.0
2021-06-19 20:20:00,26.1875,100.0,8.3,8.40641,0.38,208.0
2021-06-19 20:21:00,26.1875,100.0,7.889,8.39279,0.38,206.0
2021-06-19 20:22:00,26.1875,100.0,2.962,8.40187,0.38,209.0
2021-06-19 20:23:00,26.25,100.0,4.812,8.40641,0.38,210.0
2021-06-19 20:24:00,26.25,100.0,28.495,8.40641,0.38,208.0
2021-06-19 20:25:00,26.1875,100.0,8.17,8.40187,0.38,208.0
2021-06-19 20:26:00,26.1875,100.0,10.211,8.40641,0.38,209.0
2021-06-19 20:27:00,26.1875,100.0,10.455,8.39733,0.38,209.0
2021-06-19 20:28:00,26.1875,100.0,7.043,8.40641,0.38,208.0
2021-06-19 20:29:00,26.1875,100.0,28.206,8.39733,0.38,208.0
2021-06-19 20:30:00,26.1875,100.0,27.878,8.39733,0.38,212.0
2021-06-19 20:31:00,26.1875,100.0,9.077,8.40641,0.38,215.0
2021-06-19 20:32:00,26.1875,100.0,8.178,8.40187,0.38,214.0
2021-06-19 20:33:00,26.1875,100.0,9.023,8.39279,0.38,215.0
2021-06-19 20:34:00,26.1875,100.0,9.846,8.39733,0.38,214.0
2021-06-19 20:35:00,26.1875,100.0,10.028,8.39733,0.38,211.0
2021-06-19 20:36:00,26.1875,100.0,8.505,8.40187,0.38,214.0
2021-06-19 20:37:00,26.1875,100.0,0.319,8.38371,0.38,218.0
2021-06-19 20:38:00,26.1875,100.0,0.319,8.38371,0.38,218.0
2021-06-19 20:39:00,26.1875,100.0,8.772,8.40187,0.38,218.0
2021-06-19 20:40:00,26.1875,100.0,11.156,8.40187,0.38,217.0
2021-06-19 20:41:00,26.1875,100.0,11.156,8.40187,0.38,217.0
2021-06-19 20:42:00,26.1875,100.0,6.282,8.40187,0.38,215.0
2021-06-19 20:43:00,26.1875,100.0,8.909,8.39733,0.38,215.0
2021-06-19 20:44:00,26.1875,100.0,17.857,8.40187,0.38,218.0
2021-06-19 20:45:00,26.1875,100.0,8.97,8.40187,0.38,214.0
2021-06-19 20:46:00,26.1875,100.0,8.521,8.40187,0.38,215.0
2021-06-19 20:47:00,26.1875,100.0,7.881,8.40187,0.38,214.0
2021-06-19 20:48:00,26.1875,100.0,12.26,8.40187,0.38,214.0
2021-06-19 20:49:00,26.1875,100.0,13.074,8.39733,0.38,213.0
2021-06-19 20:50:00,26.1875,100.0,8.178,8.39279,0.38,217.0
2021-06-19 20:51:00,26.1875,100.0,8.178,8.39279,0.38,217.0
2021-06-19 20:52:00,26.1875,100.0,8.445,8.41095,0.38,210.0
2021-06-19 20:53:00,26.125,100.0,3.632,8.40641,0.38,211.0
2021-06-19 20:54:00,26.125,100.0,9.054,8.41549,0.38,211.0
2021-06-19 20:55:00,26.125,100.0,8.505,8.40187,0.38,210.0
2021-06-19 20:56:00,26.125,100.0,8.932,8.39733,0.38,208.0
2021-06-19 20:57:00,26.1875,100.0,11.749,8.39733,0.38,209.0
2021-06-19 20:58:00,26.1875,100.0,17.057,8.39733,0.38,208.0
2021-06-19 20:59:00,26.1875,100.0,11.14,8.39733,0.38,209.0
2021-06-19 21:00:00,26.1875,100.0,14.811,8.39279,0.38,208.0
2021-06-19 21:01:00,26.1875,100.0,34.823,8.40641,0.38,209.0
2021-06-19 21:02:00,26.125,100.0,9.313,8.40187,0.38,208.0
2021-06-19 21:03:00,26.125,100.0,9.32,8.39279,0.38,209.0
2021-06-19 21:04:00,26.1875,100.0,9.914,8.38371,0.38,208.0
2021-06-19 21:05:00,26.1875,100.0,32.272,8.35647,0.38,208.0
2021-06-19 21:06:00,26.1875,100.0,8.49,8.40187,0.38,209.0
2021-06-19 21:07:00,26.125,100.0,8.178,8.38371,0.38,209.0
2021-06-19 21:08:00,26.125,100.0,21.596,8.39733,0.38,209.0
2021-06-19 21:09:00,26.1875,100.0,25.944,8.38825,0.38,208.0
2021-06-19 21:10:00,26.1875,100.0,32.424,8.39279,0.38,209.0
2021-06-19 21:11:00,26.1875,100.0,17.72,8.39279,0.38,208.0
2021-06-19 21:12:00,26.1875,100.0,9.366,8.39733,0.38,208.0
2021-06-19 21:13:00,26.1875,100.0,9.686,8.39733,0.38,208.0
2021-06-19 21:14:00,26.125,100.0,8.673,8.39733,0.38,210.0
2021-06-19 21:15:00,26.125,100.0,34.343,8.40187,0.38,211.0
2021-06-19 21:16:00,26.125,100.0,9.221,8.39733,0.38,211.0
2021-06-19 21:17:00,26.125,100.0,9.107,8.40187,0.38,213.0
2021-06-19 21:18:00,26.125,100.0,29.34,8.38371,0.38,210.0
2021-06-19 21:19:00,26.125,100.0,5.825,8.40187,0.38,208.0
2021-06-19 21:20:00,26.125,100.0,12.145,8.39733,0.38,208.0
2021-06-19 21:21:00,26.125,100.0,0.434,8.37463,0.38,208.0
2021-06-19 21:22:00,26.125,100.0,8.3,8.39733,0.38,208.0
2021-06-19 21:23:00,26.125,100.0,9.313,8.40187,0.38,208.0
2021-06-19 21:24:00,26.125,100.0,9.846,8.40641,0.38,208.0
2021-06-19 21:25:00,26.125,100.0,9.351,8.40187,0.38,208.0
2021-06-19 21:26:00,26.125,100.0,17.232,8.39733,0.38,208.0
2021-06-19 21:27:00,26.125,100.0,17.232,8.39733,0.38,208.0
2021-06-19 21:28:00,26.125,100.0,8.528,8.39279,0.38,208.0
2021-06-19 21:29:00,26.125,100.0,8.528,8.39279,0.38,208.0
2021-06-19 21:30:00,26.125,100.0,8.475,8.39279,0.38,208.0
2021-06-19 21:31:00,26.125,100.0,9.473,8.39733,0.38,208.0
2021-06-19 21:32:00,26.125,100.0,8.604,8.39733,0.38,208.0
2021-06-19 21:33:00,26.125,100.0,10.143,8.40641,0.38,202.0
2021-06-19 21:34:00,26.125,100.0,8.81,8.39279,0.38,208.0
2021-06-19 21:35:00,26.0625,100.0,20.872,8.40641,0.38,208.0
2021-06-19 21:36:00,26.125,100.0,15.321,8.40187,0.38,208.0
2021-06-19 21:37:00,26.125,100.0,8.635,8.38371,0.38,208.0
2021-06-19 21:38:00,26.0625,100.0,13.448,8.40641,0.38,205.0
2021-06-19 21:39:00,26.125,100.0,18.39,8.38825,0.38,208.0
2021-06-19 21:40:00,26.125,100.0,18.39,8.38825,0.38,208.0
2021-06-19 21:41:00,26.125,100.0,7.31,8.39733,0.38,207.0
2021-06-19 21:42:00,26.125,100.0,9.351,8.39733,0.38,207.0
2021-06-19 21:43:00,26.125,100.0,6.998,8.39279,0.38,207.0
2021-06-19 21:44:00,26.125,100.0,18.953,8.39279,0.38,208.0
2021-06-19 21:45:00,26.0625,100.0,0.19,8.39733,0.38,208.0
2021-06-19 21:46:00,26.125,100.0,8.307,8.40187,0.38,208.0
2021-06-19 21:47:00,26.125,100.0,4.165,8.40187,0.38,208.0
2021-06-19 21:48:00,26.0625,100.0,9.914,8.40187,0.38,208.0
2021-06-19 21:49:00,26.0625,100.0,9.069,8.39733,0.38,208.0
2021-06-19 21:50:00,26.125,100.0,8.079,8.39733,0.38,208.0
2021-06-19 21:51:00,26.0625,100.0,34.815,8.40187,0.38,208.0
2021-06-19 21:52:00,26.0625,100.0,8.566,8.40187,0.38,208.0
2021-06-19 21:53:00,26.0625,100.0,9.792,8.40641,0.38,207.0
2021-06-19 21:54:00,26.0625,100.0,17.232,8.40187,0.38,208.0
2021-06-19 21:55:00,26.0625,100.0,14.917,8.40187,0.38,208.0
2021-06-19 21:56:00,26.125,100.0,20.888,8.39733,0.38,208.0
2021-06-19 21:57:00,26.0625,100.0,7.965,8.39279,0.38,206.0
2021-06-19 21:58:00,26.0625,100.0,9.427,8.39279,0.38,205.0
2021-06-19 21:59:00,26.0625,100.0,18.443,8.39279,0.38,207.0
2021-06-19 22:00:00,26.0625,100.0,9.495,8.39733,0.38,197.0
2021-06-19 22:01:00,26.0625,100.0,8.094,8.39733,0.38,205.0
2021-06-19 22:02:00,26.0625,100.0,11.536,8.39733,0.38,203.0
2021-06-19 22:03:00,26.0625,100.0,9.328,8.39733,0.38,205.0
2021-06-19 22:04:00,26.0625,100.0,9.191,8.39733,0.38,203.0
2021-06-19 22:05:00,26.0625,100.0,9.404,8.39733,0.38,203.0
2021-06-19 22:06:00,26.0625,100.0,21.421,8.40641,0.38,203.0
2021-06-19 22:07:00,26.0625,100.0,9.914,8.39733,0.38,202.0
2021-06-19 22:08:00,26.0625,100.0,9.861,8.39279,0.38,203.0
2021-06-19 22:09:00,26.0625,100.0,7.477,8.38825,0.38,199.0
2021-06-19 22:10:00,26.0625,100.0,21.71,8.39279,0.38,202.0
2021-06-19 22:11:00,26.0625,100.0,8.688,8.39279,0.38,202.0
2021-06-19 22:12:00,26.125,100.0,8.574,8.40641,0.38,199.0
2021-06-19 22:13:00,26.0625,100.0,7.919,8.39733,0.38,201.0
2021-06-19 22:14:00,26.0625,100.0,9.069,8.39733,0.38,201.0
2021-06-19 22:15:00,26.125,100.0,9.023,8.40641,0.38,202.0
2021-06-19 22:16:00,26.0625,100.0,24.847,8.39279,0.38,198.0
2021-06-19 22:17:00,26.0625,100.0,8.612,8.40187,0.38,201.0
2021-06-19 22:18:00,26.0625,100.0,8.65,8.40641,0.38,200.0
2021-06-19 22:19:00,26.0625,100.0,8.231,8.40187,0.38,197.0
2021-06-19 22:20:00,26.0625,100.0,9.457,8.40641,0.38,200.0
2021-06-19 22:21:00,26.0625,100.0,8.901,8.40187,0.38,198.0
2021-06-19 22:22:00,26.0625,100.0,19.486,8.38371,0.38,198.0
2021-06-19 22:23:00,26.0625,100.0,7.378,8.39733,0.38,197.0
2021-06-19 22:24:00,26.0625,100.0,18.573,8.40187,0.38,197.0
2021-06-19 22:25:00,26.0625,100.0,33.521,8.39733,0.38,199.0
2021-06-19 22:26:00,26.0625,100.0,10.508,8.39733,0.38,197.0
2021-06-19 22:27:00,26.0625,100.0,12.762,8.39733,0.38,197.0
2021-06-19 22:28:00,26.0625,100.0,12.907,8.39279,0.38,197.0
2021-06-19 22:29:00,26.0625,100.0,9.975,8.40187,0.38,195.0
2021-06-19 22:30:00,26.0625,100.0,34.823,8.39733,0.38,197.0
2021-06-19 22:31:00,26.0625,100.0,29.69,8.40641,0.38,198.0
2021-06-19 22:32:00,26.0625,100.0,26.127,8.40187,0.38,202.0
2021-06-19 22:33:00,26.0625,100.0,7.675,8.40641,0.38,203.0
2021-06-19 22:34:00,26.0625,100.0,9.815,8.40187,0.38,201.0
2021-06-19 22:35:00,26.0625,100.0,22.951,8.40187,0.38,203.0
2021-06-19 22:36:00,26.0625,100.0,2.368,8.39733,0.38,201.0
2021-06-19 22:37:00,26.0,100.0,34.8,8.39279,0.38,201.0
2021-06-19 22:38:00,26.0,100.0,20.08,8.40187,0.38,201.0
2021-06-19 22:39:00,26.0625,100.0,11.62,8.39733,0.38,201.0
2021-06-19 22:40:00,26.0625,100.0,15.572,8.39733,0.38,201.0
2021-06-19 22:41:00,26.0,100.0,8.445,8.40187,0.38,202.0
2021-06-19 22:42:00,26.0625,100.0,15.587,8.40641,0.38,203.0
2021-06-19 22:43:00,26.0,100.0,20.56,8.40641,0.38,202.0
2021-06-19 22:44:00,26.0,100.0,8.125,8.39279,0.38,202.0
2021-06-19 22:45:00,26.0,100.0,9.176,8.39733,0.38,202.0
2021-06-19 22:46:00,26.0625,100.0,8.757,8.40187,0.38,198.0
2021-06-19 22:47:00,26.0625,100.0,8.688,8.39733,0.38,199.0
2021-06-19 22:48:00,26.0625,100.0,26.446,8.38371,0.38,202.0
2021-06-19 22:49:00,26.0,100.0,7.873,8.40187,0.38,199.0
2021-06-19 22:50:00,26.0,100.0,7.394,8.39279,0.38,198.0
2021-06-19 22:51:00,26.0625,100.0,7.135,8.39279,0.38,198.0
2021-06-19 22:52:00,26.0,100.0,33.171,8.40641,0.38,197.0
2021-06-19 22:53:00,26.0,100.0,3.777,8.40187,0.38,193.0
2021-06-19 22:54:00,26.0,100.0,12.991,8.39733,0.38,195.0
2021-06-19 22:55:00,26.0,100.0,23.652,8.39733,0.38,198.0
2021-06-19 22:56:00,26.0,100.0,9.358,8.39733,0.38,192.0
2021-06-19 22:57:00,26.0625,100.0,15.808,8.39279,0.38,195.0
2021-06-19 22:58:00,26.0625,100.0,7.432,8.39279,0.38,193.0
2021-06-19 22:59:00,26.0,100.0,26.896,8.39733,0.38,195.0
2021-06-19 23:00:00,26.0,100.0,8.78,8.40641,0.38,195.0
2021-06-19 23:01:00,26.0625,100.0,8.186,8.39733,0.38,198.0
2021-06-19 23:02:00,26.0,100.0,8.772,8.38825,0.38,194.0
2021-06-19 23:03:00,26.0,100.0,8.985,8.39733,0.38,194.0
2021-06-19 23:04:00,26.0,100.0,6.061,8.39279,0.38,193.0
2021-06-19 23:05:00,26.0625,100.0,7.66,8.39733,0.38,195.0
2021-06-19 23:06:00,26.0,100.0,9.617,8.40187,0.38,192.0
2021-06-19 23:07:00,26.0,100.0,8.544,8.40187,0.38,192.0
2021-06-19 23:08:00,26.0,100.0,34.61,8.40641,0.38,193.0
2021-06-19 23:09:00,26.0,100.0,8.78,8.39733,0.38,197.0
2021-06-19 23:10:00,26.0,100.0,8.056,8.40187,0.38,195.0
2021-06-19 23:11:00,26.0,100.0,6.632,8.40187,0.38,195.0
2021-06-19 23:12:00,26.0,100.0,28.716,8.36555,0.38,195.0
2021-06-19 23:13:00,26.0,100.0,19.029,8.40641,0.38,196.0
2021-06-19 23:14:00,26.0,100.0,8.841,8.39279,0.38,195.0
2021-06-19 23:15:00,26.0,100.0,7.592,8.40641,0.38,194.0
2021-06-19 23:16:00,26.0,100.0,34.358,8.37917,0.38,195.0
2021-06-19 23:17:00,26.0,100.0,8.132,8.39279,0.38,194.0
2021-06-19 23:18:00,26.0,100.0,8.772,8.39733,0.38,194.0
2021-06-19 23:19:00,26.0,100.0,23.34,8.39733,0.38,193.0
2021-06-19 23:20:00,26.0,100.0,8.78,8.40187,0.38,194.0
2021-06-19 23:21:00,26.0,100.0,7.615,8.39733,0.38,198.0
2021-06-19 23:22:00,26.0,100.0,8.193,8.39279,0.38,193.0
2021-06-19 23:23:00,26.0,100.0,7.013,8.40641,0.38,195.0
2021-06-19 23:24:00,26.0,100.0,13.128,8.39733,0.38,195.0
2021-06-19 23:25:00,26.0,100.0,7.584,8.39279,0.38,194.0
2021-06-19 23:26:00,25.9375,100.0,9.01,8.40187,0.38,194.0
2021-06-19 23:27:00,26.0,100.0,11.392,8.40641,0.38,195.0
2021-06-19 23:28:00,26.0,100.0,11.392,8.40641,0.38,195.0
2021-06-19 23:29:00,25.9375,100.0,21.562,8.40641,0.38,196.0
2021-06-19 23:30:00,26.0,100.0,9.016,8.39279,0.38,197.0
2021-06-19 23:31:00,26.0,100.0,4.051,8.39733,0.38,194.0
2021-06-19 23:32:00,25.9375,100.0,7.977,8.39733,0.38,195.0
2021-06-19 23:33:00,26.0,100.0,9.077,8.39733,0.38,196.0
2021-06-19 23:34:00,26.0,100.0,8.346,8.40187,0.38,195.0
2021-06-19 23:35:00,25.9375,100.0,0.224,8.40187,0.38,195.0
2021-06-19 23:36:00,25.9375,100.0,10.004,8.41549,0.38,193.0
2021-06-19 23:37:00,25.9375,100.0,1.682,8.39733,0.38,207.0
2021-06-19 23:38:00,25.9375,100.0,9.227,8.39733,0.38,192.0
2021-06-19 23:39:00,25.9375,100.0,6.095,8.40187,0.38,199.0
2021-06-19 23:40:00,25.9375,100.0,28.474,8.40187,0.38,192.0
2021-06-19 23:41:00,25.9375,100.0,35.827,8.40187,0.38,194.0
2021-06-19 23:42:00,25.9375,100.0,10.412,8.39279,0.38,194.0
2021-06-19 23:43:00,26.0,100.0,8.346,8.40641,0.38,193.0
2021-06-19 23:44:00,26.0,100.0,16.265,8.39733,0.38,196.0
2021-06-19 23:45:00,26.0,100.0,5.901,8.40641,0.38,193.0
2021-06-19 23:46:00,25.9375,100.0,12.591,8.39733,0.38,194.0
2021-06-19 23:47:00,25.9375,100.0,8.217,8.39279,0.38,194.0
2021-06-19 23:48:00,25.9375,100.0,1.489,8.40187,0.38,193.0
2021-06-19 23:49:00,25.9375,100.0,6.583,8.39733,0.38,194.0
2021-06-19 23:50:00,26.0,100.0,8.087,8.39279,0.38,193.0
2021-06-19 23:51:00,25.9375,100.0,11.405,8.39279,0.38,193.0
2021-06-19 23:52:00,25.9375,100.0,8.466,8.40641,0.38,192.0
2021-06-19 23:53:00,25.9375,100.0,12.455,8.40187,0.38,192.0
2021-06-19 23:54:00,25.875,100.0,23.788,8.39733,0.38,194.0
2021-06-19 23:55:00,25.9375,100.0,6.88,8.39279,0.38,194.0
2021-06-19 23:56:00,25.9375,100.0,25.342,8.40641,0.38,193.0
2021-06-19 23:57:00,25.9375,100.0,8.386,8.40187,0.38,192.0
2021-06-19 23:58:00,25.9375,100.0,4.125,8.40187,0.38,193.0
2021-06-19 23:59:00,25.875,100.0,12.983,8.39733,0.38,194.0
2021-06-20 00:00:00,25.9375,100.0,18.013,8.40641,0.38,193.0
2021-06-20 00:01:00,25.9375,100.0,29.491,8.38371,0.38,194.0
2021-06-20 00:02:00,25.9375,100.0,7.32,8.39279,0.38,195.0
2021-06-20 00:03:00,25.9375,100.0,3.019,8.40187,0.38,195.0
2021-06-20 00:04:00,25.9375,100.0,33.016,8.40641,0.38,193.0
2021-06-20 00:05:00,25.9375,100.0,8.642,8.39279,0.38,195.0
2021-06-20 00:06:00,25.875,100.0,7.497,8.41095,0.38,196.0
2021-06-20 00:07:00,25.9375,100.0,11.574,8.39733,0.38,195.0
2021-06-20 00:08:00,25.9375,100.0,12.142,8.40187,0.38,196.0
2021-06-20 00:09:00,25.9375,100.0,6.479,8.39733,0.38,197.0
2021-06-20 00:10:00,25.875,100.0,8.922,8.40641,0.38,198.0
2021-06-20 00:11:00,25.9375,100.0,5.118,8.40187,0.38,196.0
2021-06-20 00:12:00,25.9375,100.0,5.118,8.40187,0.38,196.0
2021-06-20 00:13:00,25.9375,100.0,6.928,8.39733,0.38,195.0
2021-06-20 00:14:00,25.9375,100.0,9.715,8.39733,0.38,195.0
2021-06-20 00:15:00,25.9375,100.0,18.606,8.39279,0.38,193.0
2021-06-20 00:16:00,25.9375,100.0,10.196,8.40641,0.38,198.0
2021-06-20 00:17:00,25.875,100.0,8.041,8.39279,0.38,197.0
2021-06-20 00:18:00,25.9375,100.0,9.539,8.40641,0.38,196.0
2021-06-20 00:19:00,25.9375,100.0,27.913,8.39733,0.38,198.0
2021-06-20 00:20:00,25.875,100.0,27.993,8.40187,0.38,202.0
2021-06-20 00:21:00,25.9375,100.0,6.84,8.40187,0.38,197.0
2021-06-20 00:22:00,25.9375,100.0,33.016,8.40641,0.38,199.0
2021-06-20 00:23:00,25.875,100.0,9.443,8.40187,0.38,197.0
2021-06-20 00:24:00,25.9375,100.0,9.411,8.39733,0.38,192.0
2021-06-20 00:25:00,25.875,100.0,7.513,8.38825,0.38,196.0
2021-06-20 00:26:00,25.875,100.0,9.315,8.39733,0.38,196.0
2021-06-20 00:27:00,25.875,100.0,1.625,8.40187,0.38,194.0
2021-06-20 00:28:00,25.875,100.0,31.181,8.40187,0.38,198.0
2021-06-20 00:29:00,25.875,100.0,8.986,8.40187,0.38,195.0
2021-06-20 00:30:00,25.875,100.0,5.062,8.39733,0.38,198.0
2021-06-20 00:31:00,25.9375,100.0,10.789,8.39733,0.38,198.0
2021-06-20 00:32:00,25.875,100.0,32.142,8.39279,0.38,198.0
2021-06-20 00:33:00,25.875,100.0,6.712,8.39733,0.38,194.0
2021-06-20 00:34:00,25.9375,100.0,10.853,8.39279,0.38,194.0
2021-06-20 00:35:00,25.875,100.0,6.712,8.39279,0.38,193.0
2021-06-20 00:36:00,25.9375,100.0,13.792,8.40187,0.38,194.0
2021-06-20 00:37:00,25.9375,100.0,8.57,8.40187,0.38,195.0
2021-06-20 00:38:00,25.9375,100.0,7.016,8.44726,0.38,196.0
2021-06-20 00:39:00,25.875,100.0,8.474,8.38825,0.38,194.0
2021-06-20 00:40:00,25.875,100.0,9.147,8.40187,0.38,197.0
2021-06-20 00:41:00,25.875,100.0,12.543,8.42457,0.38,195.0
2021-06-20 00:42:00,25.875,100.0,32.07,8.39733,0.38,194.0
2021-06-20 00:43:00,25.875,100.0,36.556,8.40187,0.38,195.0
2021-06-20 00:44:00,25.8125,100.0,7.36,8.39733,0.38,196.0
2021-06-20 00:45:00,25.875,100.0,27.369,8.39279,0.38,194.0
2021-06-20 00:46:00,25.8125,100.0,10.116,8.39733,0.38,195.0
2021-06-20 00:47:00,25.875,100.0,10.292,8.39733,0.38,196.0
2021-06-20 00:48:00,25.875,100.0,8.786,8.40641,0.38,196.0
2021-06-20 00:49:00,25.875,100.0,16.708,8.40187,0.38,208.0
2021-06-20 00:50:00,25.875,100.0,16.916,8.40187,0.38,196.0
2021-06-20 00:51:00,25.875,100.0,17.613,8.40187,0.38,193.0
2021-06-20 00:52:00,25.875,100.0,7.416,8.40187,0.38,194.0
2021-06-20 00:53:00,25.875,100.0,9.675,8.40187,0.38,193.0
2021-06-20 00:54:00,25.875,100.0,36.54,8.38371,0.38,188.0
2021-06-20 00:55:00,25.875,100.0,8.634,8.39733,0.38,193.0
2021-06-20 00:56:00,25.875,100.0,11.998,8.39733,0.38,192.0
2021-06-20 00:57:00,25.875,100.0,7.553,8.40641,0.38,188.0
2021-06-20 00:58:00,25.875,100.0,9.571,8.40641,0.38,192.0
2021-06-20 00:59:00,25.875,100.0,18.654,8.40187,0.38,194.0
2021-06-20 01:00:00,25.875,100.0,9.139,8.39733,0.38,194.0
2021-06-20 01:01:00,25.875,100.0,9.139,8.39733,0.38,194.0
2021-06-20 01:02:00,25.8125,100.0,7.304,8.39733,0.38,195.0
2021-06-20 01:03:00,25.8125,100.0,8.29,8.39733,0.38,194.0
2021-06-20 01:04:00,25.8125,100.0,15.642,8.40187,0.38,194.0
2021-06-20 01:05:00,25.8125,100.0,19.079,8.40641,0.38,195.0
2021-06-20 01:06:00,25.875,100.0,7.128,8.40641,0.38,193.0
2021-06-20 01:07:00,25.875,100.0,31.205,8.40187,0.38,192.0
2021-06-20 01:08:00,25.875,100.0,8.113,8.39279,0.38,193.0
2021-06-20 01:09:00,25.875,100.0,31.181,8.39279,0.38,193.0
2021-06-20 01:10:00,25.8125,100.0,9.139,8.40641,0.38,193.0
2021-06-20 01:11:00,25.8125,100.0,22.154,8.40187,0.38,193.0
2021-06-20 01:12:00,25.8125,100.0,5.734,8.39733,0.38,197.0
2021-06-20 01:13:00,25.875,100.0,8.482,8.39733,0.38,196.0
2021-06-20 01:14:00,25.8125,100.0,6.936,8.39733,0.38,192.0
2021-06-20 01:15:00,25.8125,100.0,7.977,8.40641,0.38,194.0
2021-06-20 01:16:00,25.8125,100.0,7.392,8.39279,0.38,193.0
2021-06-20 01:17:00,25.8125,100.0,8.53,8.39733,0.38,194.0
2021-06-20 01:18:00,25.8125,100.0,9.299,8.40641,0.38,193.0
2021-06-20 01:19:00,25.75,100.0,9.211,8.40641,0.38,192.0
2021-06-20 01:20:00,25.8125,100.0,9.323,8.39279,0.38,187.0
2021-06-20 01:21:00,25.8125,100.0,31.542,8.40187,0.38,194.0
2021-06-20 01:22:00,25.8125,100.0,8.426,8.40187,0.38,195.0
2021-06-20 01:23:00,25.8125,100.0,35.739,8.40187,0.38,196.0
2021-06-20 01:24:00,25.8125,100.0,17.236,8.39733,0.38,195.0
2021-06-20 01:25:00,25.8125,100.0,8.33,8.38371,0.38,195.0
2021-06-20 01:26:00,25.8125,100.0,5.783,8.37917,0.38,192.0
2021-06-20 01:27:00,25.8125,100.0,17.885,8.39733,0.38,194.0
2021-06-20 01:28:00,25.8125,100.0,10.028,8.40187,0.38,193.0
2021-06-20 01:29:00,25.8125,100.0,27.801,8.40187,0.38,193.0
2021-06-20 01:30:00,25.8125,100.0,7.4,8.40187,0.38,195.0
2021-06-20 01:31:00,25.8125,100.0,8.858,8.39733,0.38,196.0
2021-06-20 01:32:00,25.8125,100.0,7.352,8.39733,0.38,194.0
2021-06-20 01:33:00,25.8125,100.0,8.586,8.39733,0.38,194.0
2021-06-20 01:34:00,25.8125,100.0,8.786,8.40187,0.38,192.0
2021-06-20 01:35:00,25.8125,100.0,10.821,8.40187,0.38,193.0
2021-06-20 01:36:00,25.75,100.0,10.268,8.39279,0.38,192.0
2021-06-20 01:37:00,25.75,100.0,10.268,8.39279,0.38,192.0
2021-06-20 01:38:00,25.8125,100.0,34.017,8.40187,0.38,194.0
2021-06-20 01:39:00,25.75,100.0,7.537,8.39733,0.38,194.0
2021-06-20 01:40:00,25.8125,100.0,24.405,8.40187,0.38,193.0
2021-06-20 01:41:00,25.8125,100.0,6.616,8.39279,0.38,192.0
2021-06-20 01:42:00,25.75,100.0,8.282,8.40187,0.38,192.0
2021-06-20 01:43:00,25.8125,100.0,9.387,8.41549,0.38,192.0
